KCMO or Not,Census Tract,East-West Coordinate,North-South Coordinate,1940 Population,1950 Population,1960 Population,1970 Population,1980 Population,1990 Population,2000 Population,2010 Population,1940 Housing Units,1950 Housing Units,1960 Housing Units,1970 Housing Units,1980 Housing Units,1990 Housing Units,2000 Housing Units,2010 Housing Units,1970 Occupied Housing Units,1980 Occupied Housing Units,1990 Occupied Housing Units,2000 Occupied Housing Units,2010 Occupied Housing Units,1970 Vacant Housing Units,1980 Vacant Housing Units,1990 Vacant Housing Units,2000 Vacant Housing Units,2010 Vacant Housing Units,1970 Households,1980 Households,1990 Households,2000 Households,2010 Households,1970 Group Quarters Population,1980 Group Quarters Population,1990 Group Quarters Population,2000 Group Quarters Population,2010 Group Quarters Population
KCMO,601,2771674,971518,42,42,42,42,42,42,104,197,16,16,16,16,16,16,79,27,15,15,15,70,22,1,1,1,9,5,15,15,15,70,22,0,0,0,0,145
KCMO,202.01,2769244,1092055,1260,1873,3797,4322,4061,4193,4767,5004,397,590,1140,1469,1805,2210,2354,2488,1423,1709,1930,2238,2242,46,96,280,116,246,1423,1709,1930,2238,2242,29,16,0,3,0
KCMO,202.02,2761381,1095073,632,940,1905,2622,2373,2750,2906,3285,199,296,571,976,922,1114,1244,1597,859,880,1084,1202,1482,117,42,30,42,115,859,880,1084,1202,1482,0,0,11,0,5
KCMO,203,2768859,1100172,1279,1902,3855,5798,5411,5387,5213,5182,403,599,1136,1944,2193,2452,2501,2521,1881,2140,2301,2318,2230,63,53,151,183,291,1881,2140,2301,2318,2230,10,40,50,38,35
KCMO,204,2772599,1096332,627,932,1890,2416,2783,2483,2645,2465,197,294,602,992,1237,1248,1237,1234,856,1186,1143,1192,1102,136,51,105,45,132,856,1186,1143,1192,1102,0,0,0,0,0
KCMO,205,2775675,1091068,1594,2370,3931,5338,5496,5621,5517,5471,516,767,1236,1734,2219,2373,2401,2409,1691,2112,2250,2309,2230,43,107,123,92,179,1691,2112,2250,2309,2230,8,0,9,0,0
KCMO,206.02,2784444,1089531,305,453,1453,3094,3532,4155,3705,4098,87,129,415,899,1252,1696,1651,1928,891,1220,1605,1554,1761,8,32,91,97,167,891,1220,1605,1554,1761,0,0,0,0,35
KCMO,206.03,2786042,1100975,558,829,2658,4132,3650,3311,3347,3492,159,236,760,1183,1271,1251,1367,1442,1163,1224,1195,1297,1330,20,47,56,70,112,1163,1224,1195,1297,1330,29,26,19,9,0
KCMO,206.04,2784455,1094858,894,1328,4258,5263,4812,4500,4415,4706,255,379,1217,1494,1691,1732,1873,2073,1467,1642,1656,1799,1917,27,49,76,74,156,1467,1642,1656,1799,1917,0,0,0,0,0
KCMO,209.01,2778818,1102444,2011,2990,4961,5655,4867,5178,5620,5658,651,968,1374,1764,1891,2118,2336,2489,1728,1842,2037,2280,2347,36,49,81,56,142,1728,1842,2037,2280,2347,8,0,0,7,8
KCMO,209.02,2784672,1104550,413,614,1141,2652,2577,2414,2545,2369,133,200,316,751,844,875,1003,980,727,829,842,962,900,24,15,33,41,80,727,829,842,962,900,0,0,0,3,0
KCMO,212.04,2762188,1106934,541,805,1496,2125,3549,4163,5456,5092,175,262,432,744,1444,2021,2311,2310,636,1353,1765,2173,2138,108,91,256,138,172,636,1353,1765,2173,2138,0,1,0,0,0
KCMO,212.05,2776936,1125774,356,530,984,1560,2114,2578,4243,6511,115,173,285,429,780,1210,1747,2794,367,726,1056,1643,2578,62,54,154,104,216,367,726,1056,1643,2578,0,0,43,32,25
KCMO,212.06,2784088,1115749,368,548,1018,1618,2191,3975,4931,7118,119,178,294,445,807,1351,1807,2870,380,752,1287,1746,2766,65,55,64,61,104,380,752,1287,1746,2766,0,0,107,131,99
KCMO,212.07,2763681,1125277,133,198,368,523,874,1403,1760,2714,42,63,104,180,349,651,791,1222,154,327,571,748,1146,26,22,80,42,76,154,327,571,748,1146,0,0,0,0,0
KCMO,212.08,2763608,1116124,301,447,831,1180,1970,3162,3967,6134,98,147,242,417,809,1510,1833,2840,356,758,1323,1735,2664,61,51,187,99,176,356,758,1323,1735,2664,0,1,0,0,28
KCMO,213.03,2779171,1135652,126,188,349,387,860,661,784,3072,41,61,115,112,342,270,336,1141,102,315,256,313,1046,10,27,14,23,95,102,315,256,313,1046,0,0,0,0,0
KCMO,213.05,2766450,1140311,161,239,445,486,1651,3674,5280,7447,52,78,136,223,587,1196,1850,2649,199,550,1160,1761,2559,24,37,36,89,90,199,550,1160,1761,2559,0,0,119,153,179
KCMO,213.06,2766394,1132629,226,336,624,683,2317,4304,6414,6989,73,109,191,314,822,1533,2436,2879,281,770,1455,2325,2683,33,52,78,111,196,281,770,1455,2325,2683,0,0,0,0,0
KCMO,213.07,2793733,1115731,19,28,52,66,93,274,1636,5890,7,10,17,21,40,122,633,2426,19,36,111,596,2177,2,4,10,37,249,19,36,111,596,2177,0,0,0,0,0
KCMO,213.09,2793569,1125241,12,18,34,43,61,179,1071,3856,4,5,9,12,21,66,342,1310,10,19,60,322,1235,1,2,6,20,75,10,19,60,322,1235,0,0,0,0,0
KCMO,213.1,2792788,1135453,21,31,58,74,105,307,1835,6606,7,10,17,21,39,119,622,2381,19,35,109,585,2245,2,4,10,37,136,19,35,109,585,2245,0,0,0,0,0
KCMO,218.03,2798730,1136875,29,43,80,153,106,118,1863,5979,9,14,29,44,40,48,633,2122,40,36,47,614,2041,4,4,1,19,81,40,36,47,614,2041,0,8,0,0,3
KCMO,218.04,2793646,1146004,0,0,0,0,0,0,0,24,0,0,0,0,0,0,0,8,0,0,0,0,8,0,0,0,0,0,0,0,0,0,8,0,0,0,0,0
KCMO,219,2775608,1147156,16,24,45,39,152,148,161,355,5,8,16,11,62,53,62,152,10,58,51,58,136,1,4,2,4,16,10,58,51,58,136,0,0,0,0,0
KCMO,221,2764131,1082145,120,179,363,202,153,176,168,75,38,56,115,79,80,216,155,179,76,69,109,123,55,3,11,107,32,124,76,69,109,123,55,0,0,0,0,0
KCMO,222,2803122,1090453,235,350,650,5702,4744,4190,3760,3823,76,114,230,1422,1410,1411,1410,1447,1412,1385,1380,1370,1353,10,25,31,40,94,1412,1385,1380,1370,1353,2,0,0,0,0
KCMO,3,2768360,1073459,4241,3412,5063,2816,2025,2060,1522,1393,1487,1008,1559,1198,901,948,744,744,997,696,769,610,638,201,205,179,134,106,997,696,769,610,638,14,3,0,7,0
KCMO,6,2784899,1072648,6156,6241,5726,5041,4361,4141,4517,4674,1941,2054,2129,2070,2018,1976,1856,1773,1939,1877,1770,1665,1491,131,141,206,191,282,1939,1877,1770,1665,1491,12,0,0,1,6
KCMO,7,2782099,1072683,5309,5362,5021,4469,4023,3619,4123,4094,1599,1733,1819,1756,1718,1721,1578,1501,1668,1641,1477,1426,1260,88,77,244,152,241,1668,1641,1477,1426,1260,24,124,110,180,88
KCMO,8,2779472,1072740,5601,6017,5465,4941,4131,3797,4395,3978,1741,1984,1972,1858,1750,1744,1700,1577,1762,1605,1492,1511,1250,96,145,252,189,327,1762,1605,1492,1511,1250,30,20,16,30,11
KCMO,9,2776750,1072748,5340,6224,5334,4485,3632,3214,3515,3052,1753,2070,2018,2002,1740,1682,1466,1454,1785,1581,1332,1251,1065,217,159,350,215,389,1785,1581,1332,1251,1065,108,77,56,61,8
KCMO,10,2772717,1072525,4931,5647,5673,4440,3516,2907,3485,3218,1734,1842,1961,1810,1695,1674,1589,1505,1663,1480,1274,1357,1223,147,215,400,232,282,1663,1480,1274,1357,1223,241,112,73,41,0
KCMO,11,2762514,1068564,6661,6411,4634,2410,1948,1504,1901,1709,3109,2542,3485,1965,1837,1516,1481,1342,1628,1579,1177,1355,1087,337,258,339,126,255,1628,1579,1177,1355,1087,197,16,0,117,291
KCMO,18,2776132,1068929,7460,8773,7203,5518,3958,3435,3757,2966,2578,3146,2968,2577,2001,1679,1555,1415,2211,1670,1302,1288,948,366,331,377,267,467,2211,1670,1302,1288,948,110,68,75,80,138
KCMO,19,2781781,1068702,5993,6420,5799,4836,3943,3581,3578,3346,1887,2167,2240,2113,1861,1732,1572,1476,1903,1626,1425,1291,1142,210,235,307,281,334,1903,1626,1425,1291,1142,66,40,0,0,0
KCMO,20,2788601,1068210,3883,3957,3623,2985,2315,2240,2375,2336,1038,1132,1141,1066,1003,989,938,899,1008,924,883,810,743,58,79,106,128,156,1008,924,883,810,743,0,11,0,30,26
KCMO,21,2788354,1064385,5366,6072,5318,4833,4886,4779,4685,4280,1472,1861,1803,1797,1988,1963,1827,1763,1691,1822,1746,1621,1339,106,166,217,206,424,1691,1822,1746,1621,1339,1,0,0,0,0
KCMO,22,2782542,1064649,4480,4590,4540,4210,3589,3679,3572,2906,1319,1414,1518,1555,1583,1733,1558,1486,1468,1444,1502,1332,1078,87,139,231,226,408,1468,1444,1502,1332,1078,58,100,0,67,44
KCMO,23,2779474,1064782,5321,5808,5043,3807,2113,2052,2347,2159,1602,1757,1554,1329,853,909,937,907,1206,756,765,822,738,123,97,144,115,169,1206,756,765,822,738,11,0,8,40,35
KCMO,34,2781699,1060724,5888,5879,5718,4988,3956,3962,3837,3040,1770,1841,1931,1872,1702,1619,1492,1448,1717,1542,1418,1250,997,155,160,201,242,451,1717,1542,1418,1250,997,18,0,0,45,6
KCMO,37,2775168,1061038,4688,4839,4257,2982,2207,1672,1274,1008,1471,1488,1450,1151,953,826,629,595,1035,839,654,484,406,116,114,172,145,189,1035,839,654,484,406,50,81,83,96,10
KCMO,38,2775065,1058365,3869,4227,3900,3345,2181,2193,1917,1689,1167,1466,1422,1304,981,946,860,855,1166,853,824,720,646,138,128,122,140,209,1166,853,824,720,646,81,33,58,18,2
KCMO,43,2767217,1060030,9742,10391,7863,4225,2925,1961,2018,2168,3722,3986,3935,2644,1643,1281,1020,1199,1988,1329,824,843,1045,656,314,457,177,154,1988,1329,824,843,1045,172,244,204,323,288
KCMO,44,2764138,1060107,2371,3229,1739,1011,1030,970,1029,875,715,995,698,497,622,699,768,859,443,496,452,654,603,54,126,247,114,256,443,496,452,654,603,193,183,225,83,0
KCMO,46,2760055,1055203,3916,4266,3907,3720,3162,2720,2465,2501,1276,1370,1508,1573,1503,1475,1473,1427,1485,1424,1302,1260,1284,88,79,173,213,143,1485,1424,1302,1260,1284,83,94,23,63,57
KCMO,51,2766287,1053165,3094,3414,3062,2770,2256,2080,1958,1651,963,964,1354,1578,1480,1215,1123,879,1422,1189,1021,926,733,156,291,194,197,146,1422,1189,1021,926,733,212,191,193,134,100
KCMO,52,2769712,1055963,6485,6531,5586,4114,2623,1496,1483,1192,2672,2604,3048,2251,1662,791,641,632,1746,1101,559,528,541,505,561,232,113,91,1746,1101,559,528,541,190,59,226,316,73
KCMO,53,2769602,1053332,5419,5964,4974,4381,2398,1593,1606,1368,1958,2085,2437,2076,1026,778,731,699,1538,780,569,599,509,538,246,209,132,190,1538,780,569,599,509,110,21,19,37,25
KCMO,54,2772340,1055847,4932,5397,5494,3964,2162,1315,1230,903,1646,1880,1857,1487,899,691,621,588,1229,751,480,509,358,258,148,211,112,230,1229,751,480,509,358,118,27,34,9,40
KCMO,55,2772229,1053219,4558,4734,4639,3615,1927,1668,1228,886,1445,1597,1497,1173,716,668,538,494,1002,600,551,452,346,171,116,117,86,148,1002,600,551,452,346,36,0,0,0,0
KCMO,119,2797061,1058998,0,0,0,0,0,0,0,0,0,0,0,0,0,0,0,0,0,0,0,0,0,0,0,0,0,0,0,0,0,0,0,0,0,0,0,0
KCMO,56.01,2774962,1055735,4870,4835,5221,4219,2974,2292,1878,1556,1492,1623,1554,1444,1174,1038,994,908,1252,999,898,782,647,192,175,140,212,261,1252,999,898,782,647,214,38,39,0,0
KCMO,56.02,2774853,1053102,3848,3821,4126,4046,3138,2476,1991,1457,1179,1283,1227,1122,957,879,828,788,1055,888,783,682,522,67,69,96,146,266,1055,888,783,682,522,16,0,7,8,7
KCMO,57,2777513,1054310,3904,3935,4749,4575,3696,3069,2773,2187,1189,1261,1416,1420,1339,1322,1237,1216,1362,1282,1178,1113,904,58,57,144,124,312,1362,1282,1178,1113,904,3,0,21,0,0
KCMO,58.01,2781882,1054170,1479,1800,4070,3842,3880,3753,2546,1844,439,547,1210,1397,1581,1572,1263,1040,1266,1380,1376,1040,849,131,201,196,223,191,1266,1380,1376,1040,849,127,178,78,21,0
KCMO,60,2777271,1049074,1756,2576,3263,2912,2480,2121,1849,1346,570,780,1040,996,937,896,838,821,947,881,806,748,615,49,56,90,90,206,947,881,806,748,615,0,0,0,0,0
KCMO,61,2775018,1048787,5705,5640,5947,6031,4662,3930,3404,2542,1616,1731,1701,1701,1568,1541,1443,1397,1630,1495,1392,1286,1018,71,73,149,157,379,1630,1495,1392,1286,1018,9,4,20,10,0
KCMO,63,2770686,1047648,4506,5734,5090,4617,3414,3267,2540,1676,1506,1927,2132,1949,1633,1517,1231,1245,1717,1390,1275,1045,758,232,243,242,186,487,1717,1390,1275,1045,758,33,0,6,13,25
KCMO,65,2767110,1050833,3582,3637,3201,2615,1927,2002,1759,1640,1176,1312,1394,1395,1156,1149,1066,1006,1243,904,947,843,817,152,252,202,223,189,1243,904,947,843,817,61,24,26,93,77
KCMO,66,2766069,1048237,3350,3664,3195,3033,2185,2155,1924,1735,1276,1361,1578,1761,1510,1479,1379,1218,1638,1289,1169,1133,984,123,221,310,246,234,1638,1289,1169,1133,984,181,139,144,109,96
KCMO,9808.02,2792499,1049142,0,0,0,58,4,2,5,0,0,0,0,18,2,1,3,0,18,2,1,3,0,0,0,0,0,0,18,2,1,3,0,0,0,0,0,0
KCMO,67,2765242,1050811,4048,4084,3461,3125,2928,2468,1882,1795,1512,1608,1862,1919,1921,1716,1179,1223,1748,1679,1309,992,1040,171,242,407,187,183,1748,1679,1309,992,1040,73,211,169,205,0
KCMO,69,2762773,1048360,3720,4545,2537,2392,1891,1662,1548,1213,1506,1825,1106,1355,1216,1156,1077,944,1267,1126,1039,1001,753,88,90,117,76,191,1267,1126,1039,1001,753,161,219,174,137,95
KCMO,71,2760028,1048567,4268,4981,4282,3877,3178,2796,2870,2847,1357,1751,1769,2004,1953,1912,1935,2128,1905,1864,1635,1778,1757,99,89,277,157,371,1905,1864,1635,1778,1757,2,0,0,0,67
KCMO,72,2760420,1044537,3982,3927,2613,2482,2149,2129,2001,1892,1462,1496,969,1027,1046,1203,1109,1086,1001,1005,1064,1041,974,26,41,139,68,112,1001,1005,1064,1041,974,0,0,0,0,0
KCMO,73,2762996,1046666,3132,3223,5264,4851,4270,3096,3068,2998,1418,1359,3461,3895,3694,3014,2928,2713,3538,3471,2523,2434,2209,357,223,491,494,504,3538,3471,2523,2434,2209,0,1,0,0,0
KCMO,74,2765230,1044257,4372,4416,6218,5606,4678,3942,3663,3538,1314,1380,2554,2640,2583,2425,2200,1704,2518,2413,2116,1838,1470,122,170,309,362,234,2518,2413,2116,1838,1470,320,442,181,376,497
KCMO,75,2769181,1044143,4846,4821,4644,4722,4363,3591,3004,2634,1368,1456,1568,1663,1523,1254,1097,1053,1574,1394,1041,960,820,89,129,213,137,233,1574,1394,1041,960,820,617,622,617,622,714
KCMO,76,2771812,1043965,4370,4459,4612,4811,4307,3709,2980,2205,1320,1364,1516,1514,1268,1237,1162,1164,1394,1203,1136,1036,848,120,65,101,126,316,1394,1203,1136,1036,848,50,85,92,6,75
KCMO,77,2774919,1043894,2632,2815,3356,3821,2862,2221,2096,1624,833,856,1076,1242,1099,1060,1018,901,1160,1032,937,920,699,82,67,123,98,202,1160,1032,937,920,699,16,0,0,8,11
KCMO,78.02,2779751,1040404,1808,2218,3184,3701,3071,2771,2605,2191,478,605,1010,1184,1061,1157,1166,1164,1108,987,1029,1083,958,76,74,128,83,206,1108,987,1029,1083,958,76,84,68,14,1
KCMO,79,2775514,1038583,4110,5093,6973,6458,5682,4827,4467,3681,1230,1475,2128,2060,1803,1769,1731,1770,1894,1691,1552,1543,1381,166,112,217,188,389,1894,1691,1552,1543,1381,208,246,280,266,178
KCMO,80,2771090,1038827,3758,3854,3833,4079,4388,3985,3606,2933,1108,1222,1303,1278,1481,1638,1619,1572,1183,1401,1431,1440,1297,95,80,207,179,275,1183,1401,1431,1440,1297,9,13,0,0,4
KCMO,81,2768956,1038986,3628,3548,3227,2969,3418,2865,2593,2223,1079,1148,1177,1170,1095,1073,1021,1014,1111,1036,966,929,866,59,59,107,92,148,1111,1036,966,929,866,6,8,0,0,0
KCMO,82,2766322,1039088,4795,4700,4348,3979,3219,2995,2926,2765,1426,1459,1479,1460,1433,1411,1428,1417,1426,1403,1340,1377,1345,34,30,71,51,72,1426,1403,1340,1377,1345,12,0,0,0,7
KCMO,83,2763675,1039225,3421,3286,3359,3533,2721,2469,2323,2275,929,901,936,1003,969,1002,974,973,985,949,967,954,928,18,20,35,20,45,985,949,967,954,928,41,10,0,0,0
KCMO,84,2760283,1039405,3603,3328,3546,3621,3010,2772,2760,2751,953,954,1017,1041,1041,1048,1046,1040,1019,1020,1020,1026,997,22,21,28,20,43,1019,1020,1020,1026,997,0,0,0,0,0
KCMO,124,2806883,1044897,0,0,0,0,0,0,0,0,0,0,0,0,0,0,0,0,0,0,0,0,0,0,0,0,0,0,0,0,0,0,0,0,0,0,0,0
KCMO,85,2760146,1034368,3306,3395,4399,4218,3581,3372,3407,3383,881,1050,1368,1388,1394,1408,1390,1387,1370,1369,1352,1361,1340,18,25,56,29,47,1370,1369,1352,1361,1340,0,0,0,0,0
KCMO,86,2764786,1034020,6113,7323,7027,6649,5871,5572,5029,5015,1743,2225,2414,2540,2552,2537,2475,2451,2491,2492,2418,2409,2309,49,60,119,66,142,2491,2492,2418,2409,2309,10,242,271,133,122
KCMO,87,2770029,1033719,3105,3186,3071,3199,3963,3523,2971,2501,958,1011,1117,1269,1421,1418,1234,1192,1223,1347,1254,1124,1005,46,74,164,110,187,1223,1347,1254,1124,1005,204,163,106,47,31
KCMO,88,2775899,1033377,4021,5453,6702,6552,5523,5036,4385,3602,1145,1685,2238,2366,1939,1946,1858,1824,2202,1816,1680,1667,1449,164,123,266,191,375,2202,1816,1680,1667,1449,124,42,119,0,85
KCMO,89,2776317,1028931,1766,2164,3333,2969,2814,2471,2187,2139,513,641,1064,1056,941,928,922,996,1014,881,832,840,817,42,60,96,82,179,1014,881,832,840,817,9,0,0,0,79
KCMO,90,2769817,1028449,3069,4462,5550,5328,5623,5079,4876,4413,920,1341,1931,2051,1991,1977,1970,1963,1987,1886,1805,1807,1705,64,105,172,163,258,1987,1886,1805,1807,1705,90,63,0,21,7
KCMO,91,2764596,1029401,3950,5237,5548,4986,4269,4013,3779,3690,1165,1614,1905,1916,1902,1902,1865,1860,1886,1864,1829,1798,1772,30,38,73,67,88,1886,1864,1829,1798,1772,7,17,0,2,2
KCMO,92,2760029,1029461,3801,4027,4144,3807,3137,3008,2850,2795,1107,1275,1420,1419,1431,1443,1433,1414,1391,1392,1387,1378,1340,28,39,56,55,74,1391,1392,1387,1378,1340,6,0,0,0,0
KCMO,93,2759918,1024986,2731,3092,4287,3786,2794,2530,2447,2316,894,1012,1371,1371,1319,1292,1318,1373,1348,1294,1243,1262,1282,23,25,49,56,91,1348,1294,1243,1262,1282,231,107,140,111,75
KCMO,94,2764414,1024784,2827,3201,5496,5896,5134,4818,4560,4389,922,1044,1778,2290,2457,2593,2438,2595,2249,2354,2341,2244,2305,41,103,252,194,290,2249,2354,2341,2244,2305,227,265,260,264,103
KCMO,95,2769554,1022583,3672,4158,5112,4667,3885,3703,3874,3145,1118,1266,1672,1749,1729,1737,1669,1606,1701,1635,1507,1502,1244,48,94,230,167,362,1701,1635,1507,1502,1244,8,0,0,0,0
KCMO,96,2773682,1021744,1624,1839,2446,2248,2019,1873,1703,1719,458,519,791,739,807,779,722,779,704,733,703,606,644,35,74,76,116,135,704,733,703,606,644,11,0,0,41,0
KCMO,97,2768047,1018768,204,308,722,1443,1140,1673,1688,1473,62,100,416,641,646,885,899,868,639,614,797,805,693,2,32,88,94,175,639,614,797,805,693,0,1,0,62,0
KCMO,98,2763545,1018850,1117,1683,3947,4150,3954,3685,3448,3330,341,544,1187,1363,1752,1806,1798,1791,1344,1708,1689,1709,1650,19,44,117,89,141,1344,1708,1689,1709,1650,0,8,0,0,0
KCMO,99,2759854,1019070,949,1429,3351,3525,2714,2427,2176,2187,289,462,925,1129,1113,1157,1121,1117,1101,1103,1128,1084,1061,28,10,29,37,56,1101,1103,1128,1084,1061,43,22,11,2,2
KCMO,100.01,2759706,1012294,480,724,1697,2131,1626,1979,1848,1696,147,234,509,662,652,1035,1009,1067,630,634,976,940,909,32,18,59,69,158,630,634,976,940,909,0,0,68,89,42
KCMO,100.02,2763300,1012804,331,499,1170,1394,2973,3545,3595,3516,101,161,351,505,1612,2282,2394,2202,480,1557,2045,2170,1991,25,55,237,224,211,480,1557,2045,2170,1991,0,0,0,0,4
KCMO,101.03,2768892,1013029,355,534,1253,2971,2832,2658,2621,2080,108,173,408,1054,1127,1198,1190,1179,1044,1093,1113,1094,943,10,34,85,96,236,1044,1093,1113,1094,943,0,0,0,23,4
KCMO,101.05,2760183,1004944,234,353,828,3125,2715,3056,3475,3384,72,114,270,988,1110,1485,1760,1759,949,1034,1427,1694,1647,39,76,58,66,112,949,1034,1427,1694,1647,39,0,140,143,155
KCMO,102.01,2774315,1015184,419,632,1482,1497,2178,2260,2341,1784,128,204,395,495,967,1188,1067,1134,465,903,1093,1007,796,30,64,95,60,338,465,903,1093,1007,796,0,42,61,152,53
KCMO,102.03,2774326,1007278,369,556,1304,5719,5084,4373,4303,4251,113,180,348,1362,1505,1654,1640,1635,1334,1473,1573,1613,1538,28,32,81,27,97,1334,1473,1573,1613,1538,9,21,0,132,138
KCMO,102.04,2775379,1001590,869,1309,3070,4022,4054,4215,3823,4475,265,424,821,1136,1554,1891,1767,2158,1111,1499,1714,1677,1955,25,55,177,90,203,1111,1499,1714,1677,1955,0,0,0,3,4
KCMO,105,2791911,1041336,1772,2670,6261,6483,5835,5640,5239,4912,541,864,1693,1811,2058,2084,2079,2201,1782,2003,1931,1955,1969,29,55,153,124,232,1782,2003,1931,1955,1969,232,132,299,149,164
KCMO,106,2800483,1043369,619,932,2186,3902,3428,3129,3172,3221,189,302,592,1060,1250,1238,1334,1335,1051,1228,1208,1289,1250,9,22,30,45,85,1051,1228,1208,1289,1250,16,0,0,0,0
KCMO,107.02,2801530,1047374,522,786,1843,2141,2415,2911,2577,3523,159,254,583,722,1043,1437,1415,1749,698,965,1358,1219,1557,24,78,79,196,192,698,965,1358,1219,1557,0,0,0,12,0
KCMO,110,2796115,1072327,0,0,0,0,0,0,0,0,0,0,0,0,0,0,0,0,0,0,0,0,0,0,0,0,0,0,0,0,0,0,0,0,0,0,0,0
KCMO,128.02,2804989,1018363,14,20,48,24,32,55,260,311,4,7,14,9,14,24,141,171,9,12,22,135,160,0,2,2,6,11,9,12,22,135,160,0,0,0,12,12
KCMO,129.03,2789858,1016696,304,458,1074,4599,4310,3840,3716,3596,93,148,319,1252,1403,1418,1444,1441,1223,1375,1380,1416,1335,29,28,38,28,106,1223,1375,1380,1416,1335,14,10,94,75,81
KCMO,129.04,2795259,1016399,191,288,674,2888,2706,2710,2427,2291,58,93,200,786,881,962,961,968,768,864,937,922,882,18,17,25,39,86,768,864,937,922,882,9,6,0,0,0
KCMO,129.06,2792301,1009318,731,1101,2581,4929,5406,5050,4884,4646,223,356,766,1314,1734,1824,1812,1824,1300,1694,1767,1749,1662,14,40,57,63,162,1300,1694,1767,1749,1662,0,6,0,19,31
KCMO,130.03,2782274,1010880,1098,1654,3879,5541,5028,5295,5156,4932,335,535,1036,1500,1821,2240,2219,2220,1474,1788,2123,2107,1984,26,33,117,112,236,1474,1788,2123,2107,1984,8,0,0,0,5
KCMO,131,2783345,1003894,852,1284,3010,4203,3582,3348,3122,2889,260,415,837,1313,1372,1348,1325,1325,1291,1311,1261,1268,1168,22,61,87,57,157,1291,1311,1261,1268,1168,0,0,8,14,10
KCMO,132.03,2787707,1003483,1466,2209,5179,5974,4852,4330,4189,3985,447,714,1376,1548,1602,1630,1595,1596,1514,1562,1544,1479,1294,34,40,86,116,302,1514,1562,1544,1479,1294,0,49,0,0,0
KCMO,132.08,2787738,999442,70,105,247,2686,3008,3126,3285,3002,21,34,66,763,968,1238,1260,1293,746,938,1131,1211,1166,17,30,107,49,127,746,938,1131,1211,1166,3,0,0,3,1
KCMO,132.1,2792369,1003342,776,1170,2743,3164,2570,2928,3004,2685,237,378,729,820,849,1135,1115,1126,802,828,1037,1072,1014,18,21,98,43,112,802,828,1037,1072,1014,0,26,106,93,13
KCMO,134.01,2775460,982864,0,0,0,0,0,0,0,0,0,0,0,0,0,0,0,0,0,0,0,0,0,0,0,0,0,0,0,0,0,0,0,0,0,0,0,0
KCMO,134.05,2769426,984315,189,285,669,1240,1369,1791,1765,2089,58,92,205,389,582,712,698,951,372,530,664,673,861,17,52,48,25,90,372,530,664,673,861,87,58,66,67,74
KCMO,134.07,2760068,996449,80,121,283,912,1875,2977,2527,2576,24,39,87,233,646,1082,1131,1145,226,590,1012,1091,1085,7,56,70,40,60,226,590,1012,1091,1085,56,166,298,0,230
KCMO,134.08,2766507,997989,160,242,567,1826,3754,4717,4999,5592,49,78,173,465,1292,2130,2315,2547,451,1179,1989,2211,2354,14,113,141,104,193,451,1179,1989,2211,2354,111,332,382,410,611
KCMO,135.04,2801281,982167,4,7,15,85,109,97,100,95,2,2,5,23,33,33,37,39,22,31,32,37,38,1,2,1,0,1,22,31,32,37,38,0,0,0,0,0
KCMO,136.12,2801674,999996,1,2,4,7,4,2,2,0,0,1,1,2,1,1,1,0,2,1,1,1,0,0,0,0,0,0,2,1,1,1,0,0,0,0,0,0
KCMO,142.03,2820635,1034514,4,5,12,25,11,12,7,5,1,2,4,4,4,4,2,2,4,4,4,2,2,0,0,0,0,0,4,4,4,2,2,11,0,0,0,0
KCMO,142.04,2820205,1023970,18,28,64,131,55,60,36,32,6,9,22,21,23,22,17,14,20,22,22,16,13,1,1,0,1,1,20,22,22,16,13,57,0,0,0,0
KCMO,143,2814696,1029263,386,582,1323,2780,2975,2808,3764,5138,118,188,455,740,971,1020,1415,2121,713,934,971,1361,2014,27,37,49,54,107,713,934,971,1361,2014,284,210,127,315,251
KCMO,144,2805465,1012248,196,295,671,877,1680,1851,1791,2239,60,95,231,283,691,833,790,996,259,622,740,739,897,24,69,93,52,99,259,622,740,739,897,1,0,34,0,0
KCMO,145.01,2816858,1044563,0,0,0,3,2,7,6,10,0,0,0,1,1,2,1,3,1,1,2,1,3,0,0,0,0,0,1,1,2,1,3,0,0,1,0,0
KCMO,145.02,2820554,1041106,0,0,0,38,26,84,71,22,0,0,0,18,12,29,23,11,15,12,27,23,10,3,0,2,0,1,15,12,27,23,10,0,0,18,0,0
KCMO,152,2760007,1068163,2259,1313,435,89,50,83,936,1727,548,259,383,11,25,40,502,1110,8,15,28,483,1015,3,10,12,19,95,8,15,28,483,1015,79,25,46,303,296
KCMO,153,2760908,1062334,13526,13915,11660,6643,4544,4126,3580,3149,4409,4294,3598,2392,1710,1625,1378,1380,2057,1390,1303,1241,1234,335,320,322,137,146,2057,1390,1303,1241,1234,47,0,29,0,2
KCMO,154,2771326,1069565,16554,18506,14992,8423,6171,3516,3219,3826,6339,6607,6087,4169,3019,1649,1292,1496,3095,2225,1234,1001,1339,1074,794,415,291,157,3095,2225,1234,1001,1339,253,310,301,344,402
KCMO,155,2783979,1076040,4789,4756,4580,3288,2256,1958,1755,1414,1337,1339,1420,1185,987,910,803,723,1108,897,756,672,540,77,90,154,131,183,1108,897,756,672,540,12,0,19,4,3
KCMO,156,2792286,1063313,24,37,86,64,5,11,79,5,7,12,26,15,4,8,44,3,15,3,6,39,3,0,1,2,5,0,15,3,6,39,3,0,0,0,0,0
KCMO,157,2765222,1068574,3533,3622,1761,848,670,675,586,1886,611,540,2102,589,536,630,630,1625,532,485,535,472,1418,57,51,95,158,207,532,485,535,472,1418,175,104,41,20,0
KCMO,158,2765451,1064210,5536,6174,2788,1147,254,380,427,1485,2134,1783,1577,527,160,11,34,942,435,70,8,26,786,92,90,3,8,156,435,70,8,26,786,119,144,365,388,358
KCMO,159,2767651,1068593,9647,11215,3498,2195,2435,1866,1486,1683,3787,3894,2896,1325,1555,1201,588,665,1129,1275,748,485,567,196,280,453,103,98,1129,1275,748,485,567,803,877,968,891,907
KCMO,160,2775972,1064928,8563,9311,7145,4550,2942,2652,2003,1840,2728,3051,2459,1980,1448,1167,948,874,1666,1140,986,773,671,314,308,181,175,203,1666,1140,986,773,671,56,53,53,27,66
KCMO,161,2771395,1065072,14787,16361,7702,4775,2864,2349,1964,2046,5081,5491,3623,2307,1443,1173,960,1282,1977,1228,1017,872,1087,330,215,156,88,195,1977,1228,1017,872,1087,50,59,29,95,113
KCMO,162,2769883,1059964,10015,11125,9434,6191,2631,2151,1587,1155,3838,4091,4080,3200,1506,1331,837,712,2543,1147,867,662,529,657,359,464,175,183,2543,1147,867,662,529,298,115,95,71,84
KCMO,163,2786558,1050688,1793,2946,3109,4384,3714,3618,2844,2450,503,779,982,1695,1938,1996,1759,1334,1627,1729,1598,1277,1086,68,209,398,482,248,1627,1729,1598,1277,1086,14,2,0,0,0
KCMO,164,2781590,1058082,3919,4004,3792,3419,2639,2595,2244,1873,1159,1238,1274,1245,1123,1100,945,953,1152,1000,949,807,672,93,123,151,138,281,1152,1000,949,807,672,33,30,27,0,47
KCMO,165,2777727,1059618,6638,6613,6224,4969,3430,2742,2373,1931,2023,2147,1764,1553,1298,1217,1095,1046,1406,1173,1011,930,770,147,125,206,165,276,1406,1173,1011,930,770,22,0,0,0,0
KCMO,166,2772427,1059797,8981,9455,8456,5927,3486,2742,2426,1771,2924,3089,2832,2545,1641,1500,1249,1047,2158,1400,1116,986,747,387,241,384,263,300,2158,1400,1116,986,747,99,109,47,40,31
KCMO,167,2763038,1054974,10832,11351,8877,5756,4251,4227,3996,3368,4569,4582,5001,3797,3334,3408,2870,2618,3410,2851,2567,2452,2074,387,483,841,418,544,3410,2851,2567,2452,2074,211,52,186,55,24
KCMO,168,2761242,1051095,7495,7559,5926,5335,4213,3693,3571,3556,2383,2519,2578,2605,2354,2414,2192,2379,2415,2201,2103,2000,2080,190,153,311,192,299,2415,2201,2103,2000,2080,166,194,5,13,63
KCMO,169,2770800,1050660,7992,8403,7978,7234,4984,3768,2974,2367,2415,2737,2791,2628,1791,1667,1451,1331,2220,1573,1323,1128,952,408,218,344,323,379,2220,1573,1323,1128,952,32,16,13,16,0
KCMO,170,2793979,1055204,876,1320,3097,3224,2807,2576,2323,2325,267,427,938,1181,1251,1255,1196,1178,1095,1179,1133,1053,1021,86,72,122,143,157,1095,1179,1133,1053,1021,0,0,7,0,0
KCMO,171,2781721,1048670,2875,3508,6902,6580,6139,5153,4450,3856,821,1027,2087,1941,2006,1968,1893,1863,1843,1919,1822,1739,1592,98,87,146,154,271,1843,1919,1822,1739,1592,21,0,4,19,0
KCMO,172,2784695,1024722,1072,1616,3790,4322,4876,4692,4840,4591,327,522,1111,1289,2129,2230,2239,2205,1261,2013,2041,2160,1944,28,116,189,79,261,1261,2013,2041,2160,1944,55,17,18,20,18
KCMO,173,2765295,1005645,450,677,1588,4280,3592,3496,3252,3281,137,219,518,1348,1358,1574,1566,1588,1301,1330,1515,1532,1505,47,28,59,34,83,1301,1330,1515,1532,1505,46,0,34,0,0
KCMO,174,2782678,1015663,156,234,549,1486,2354,2829,2831,2708,47,76,146,464,1069,1506,1453,1451,447,1001,1416,1353,1280,17,68,90,100,171,447,1001,1416,1353,1280,27,23,27,35,37
KCMO,175,2786939,1036970,666,1003,2352,2572,2212,2381,2320,2028,203,324,717,831,846,1040,1021,1001,796,803,918,955,825,35,43,122,66,176,796,803,918,955,825,0,3,0,2,50
KCMO,176,2808440,1030282,300,452,1059,1985,3667,4422,4432,4924,92,146,310,581,1262,1599,1690,2023,566,1218,1554,1652,1925,15,44,45,38,98,566,1218,1554,1652,1925,1,0,0,0,0
KCMO,178,2766406,1055782,11107,12325,9586,7735,5800,4591,3653,2933,5028,5120,5598,4939,4402,3741,2508,2422,4275,3286,2678,1955,1689,664,1116,1063,553,733,4275,3286,2678,1955,1689,682,353,247,129,84
KCMO,181,2799734,977930,23,35,83,209,183,160,212,181,7,11,26,60,56,52,70,79,58,54,52,69,77,2,2,0,1,2,58,54,52,69,77,0,0,0,0,0
KCMO,182,2795413,986197,22,33,76,141,80,44,41,72,7,10,23,39,26,20,17,28,38,25,20,17,26,1,1,0,0,2,38,25,20,17,26,0,0,0,0,0
KCMO,9801.01,2782400,1031231,9,11,17,15,14,13,11,8,2,2,3,3,3,3,3,2,3,3,3,3,2,0,0,0,0,0,3,3,3,3,2,0,0,0,0,0
KCMO,9883,2797171,995048,13,19,44,81,50,31,28,46,5,7,16,26,20,17,15,22,25,19,17,15,21,1,1,1,0,1,25,19,17,15,21,0,0,0,0,0
KCMO,300.01,2753050,1107045,1126,1217,1897,3351,4031,5272,7053,7735,355,415,583,1106,1451,2126,2947,3307,1021,1368,1971,2778,3109,85,83,155,169,198,1021,1368,1971,2778,3109,0,0,0,0,0
KCMO,300.02,2755390,1100416,0,0,0,0,0,0,0,0,0,0,0,0,0,0,0,0,0,0,0,0,0,0,0,0,0,0,0,0,0,0,0,0,0,0,0,0
KCMO,301.01,2744380,1103122,181,196,305,409,423,443,324,428,57,67,102,132,158,172,133,182,126,146,162,129,167,6,12,10,4,15,126,146,162,129,167,0,0,0,0,24
KCMO,301.02,2749076,1105082,191,207,322,753,1217,1960,2777,3047,60,70,107,237,482,840,1160,1284,235,467,769,1130,1187,2,15,71,30,97,235,467,769,1130,1187,0,0,0,0,0
KCMO,301.03,2745942,1111410,267,288,450,608,1079,2092,2335,2220,84,98,150,164,510,1106,1199,1178,163,470,970,1143,1099,1,40,136,56,79,163,470,970,1143,1099,0,0,0,0,8
KCMO,302.01,2746966,1134657,178,192,300,325,289,284,320,1817,56,66,94,108,103,124,126,747,101,98,103,119,681,7,5,21,7,66,101,98,103,119,681,0,0,0,0,0
KCMO,302.05,2755856,1119829,146,158,246,815,1489,2754,4198,6689,46,54,77,240,749,1489,1916,3481,226,554,1119,1843,3096,14,195,370,73,385,226,554,1119,1843,3096,0,0,166,146,133
KCMO,302.07,2746660,1116303,103,112,174,377,1789,2225,3461,4151,33,38,54,105,729,972,1784,2128,92,668,905,1609,1900,13,61,67,175,228,92,668,905,1609,1900,0,0,0,0,0
KCMO,302.08,2731144,1120967,4,5,7,18,27,36,47,38,1,2,2,5,10,14,22,19,5,10,13,21,17,0,1,1,1,2,5,10,13,21,17,0,0,0,0,0
KCMO,302.09,2741529,1115607,677,731,1141,2903,4263,5611,7383,7499,214,249,355,843,1636,2184,2873,3019,792,1517,2073,2813,2848,51,118,111,60,171,792,1517,2073,2813,2848,0,0,3,0,4
KCMO,302.1,2747530,1125854,3,3,5,10,50,829,1184,1720,1,1,1,2,16,369,471,622,2,15,322,430,587,0,1,46,41,35,2,15,322,430,587,0,0,0,16,0
KCMO,302.11,2747727,1122912,5,5,8,18,83,1398,1996,2899,1,2,3,6,38,861,1101,1454,5,34,753,1006,1363,1,4,109,95,91,5,34,753,1006,1363,0,0,0,26,0
KCMO,303.05,2725228,1121173,4,5,8,10,12,5,12,8,1,2,2,3,4,3,4,4,3,4,2,4,4,0,0,0,0,0,3,4,2,4,4,0,0,0,0,0
KCMO,303.06,2721245,1121236,14,15,23,30,35,17,37,28,5,5,8,11,14,8,12,11,11,12,8,12,11,0,2,1,0,0,11,12,8,12,11,0,0,0,0,0
KCMO,303.07,2726229,1142420,0,1,1,1,1,3,7,11,0,0,0,0,0,1,2,4,0,0,1,2,4,0,0,0,0,0,0,0,1,2,4,0,0,0,0,0
KCMO,303.08,2731202,1127737,222,239,373,433,496,1268,3255,5009,70,82,125,131,185,720,1480,2487,125,166,581,1341,2264,6,19,139,139,223,125,166,581,1341,2264,0,0,0,0,5
KCMO,306,2740109,1152531,216,233,363,367,310,412,237,377,68,79,119,115,109,170,103,181,104,107,161,100,159,11,2,9,3,22,104,107,161,100,159,5,0,0,0,0
Not,9541,2526299,890304,5482,5230,5130,5250,5790,5772,6504,6821,1727,1776,1866,1891,2300,2342,2684,2880,1769,2138,2180,2480,2614,122,161,162,204,266,1769,2138,2180,2480,2614,235,180,145,155,36
Not,9542,2566005,898995,2409,2299,2255,2308,2545,2537,2859,2998,759,781,820,831,1011,1030,1180,1279,778,940,958,1090,1166,53,71,71,90,113,778,940,958,1090,1166,103,79,64,68,27
Not,9543,2559695,883761,4398,4196,4116,4213,4645,4631,5219,5473,1386,1425,1497,1517,1845,1880,2154,2383,1420,1716,1749,1990,2193,97,129,130,164,190,1420,1716,1749,1990,2193,188,145,116,125,12
Not,9544,2572822,885918,3748,3576,3508,3590,3959,3947,4447,4664,1181,1215,1276,1293,1572,1602,1835,2052,1210,1462,1491,1696,1819,83,110,111,139,233,1210,1462,1491,1696,1819,161,123,99,106,360
Not,9545,2564823,868451,4851,4628,4540,4646,5123,5108,5755,6036,1529,1572,1651,1673,2035,2073,2375,2553,1566,1892,1929,2195,2312,108,143,144,180,241,1566,1892,1929,2195,2312,208,160,128,137,43
Not,500,2754917,1043985,2683,5054,6875,6764,5686,5177,4788,4688,834,1571,2112,2156,2260,2262,2187,2190,2130,2198,2194,2122,2088,26,62,68,65,102,2130,2198,2194,2122,2088,23,0,0,2,2
Not,501,2749103,1045062,1604,3022,5140,6088,4841,4899,4160,4245,515,970,1618,2124,2130,2154,1965,2139,2090,2088,2069,1880,1968,34,42,85,85,171,2090,2088,2069,1880,1968,0,0,5,0,0
Not,502,2745045,1043769,1610,3033,5160,4971,4530,4211,4014,3685,517,974,1561,1629,1791,1859,1853,1856,1593,1755,1776,1810,1741,36,36,83,43,115,1593,1755,1776,1810,1741,8,0,0,0,0
Not,503.01,2741751,1043757,533,1004,1708,2463,3540,4723,4116,3904,171,322,523,863,2020,2972,2553,2573,829,1862,2659,2426,2302,34,158,313,127,271,829,1862,2659,2426,2302,0,15,0,8,0
Not,503.02,2745562,1039247,550,1037,1764,1559,1605,1614,1759,1514,177,333,541,567,820,870,938,932,555,799,841,900,842,12,21,29,38,90,555,799,841,900,842,0,0,0,90,0
Not,504,2738408,1041870,758,1428,3166,4414,4180,4261,4871,4699,250,472,1091,1571,1850,1967,2294,2394,1534,1756,1865,2186,2141,37,94,102,108,253,1534,1756,1865,2186,2141,0,0,11,24,13
Not,505,2738402,1034502,762,1436,3184,3378,3071,2944,2753,2591,252,474,916,1043,1138,1163,1145,1149,1019,1116,1127,1118,1091,24,22,36,27,58,1019,1116,1127,1118,1091,0,0,0,22,18
Not,506,2743712,1033349,1290,2430,6606,7228,5809,5300,4960,4481,422,794,1817,2077,2111,2181,2173,2120,2048,2076,2121,2120,2025,29,35,60,53,95,2048,2076,2121,2120,2025,255,41,21,43,16
Not,507,2749651,1037819,1199,2258,6139,6080,5157,4880,4728,4555,392,738,1880,1989,2089,2131,2140,2130,1973,2054,2088,2091,2039,16,35,43,49,91,1973,2054,2088,2091,2039,8,0,0,16,6
Not,508,2754901,1038104,564,1063,3183,3104,2898,2600,2623,2584,170,321,939,982,1025,1031,1011,1005,969,999,995,982,949,13,26,36,29,56,969,999,995,982,949,0,0,0,0,0
Not,509,2754866,1032967,946,1782,5333,5786,5165,4647,4628,4496,286,538,1573,1887,1981,1981,1984,2028,1873,1936,1931,1932,1924,14,45,50,52,104,1873,1936,1931,1932,1924,14,0,0,120,123
Not,510,2748801,1031254,1147,2161,5876,5418,4367,4038,3585,3566,375,707,1641,1589,1658,1670,1632,1690,1573,1646,1634,1593,1629,16,12,36,39,61,1573,1646,1634,1593,1629,0,0,0,0,0
Not,511,2738387,1029198,852,1605,4028,4682,3951,3860,3700,3531,254,526,1168,1387,1469,1738,1731,1751,1370,1443,1666,1681,1610,17,26,72,50,141,1370,1443,1666,1681,1610,0,0,12,12,7
Not,512,2738389,1023898,813,1532,3844,4907,4261,4298,4156,3893,242,502,1145,1760,1902,2196,2177,2179,1687,1838,2097,2098,2033,73,64,99,79,146,1687,1838,2097,2098,2033,1,0,0,23,0
Not,513,2743695,1026542,1237,2330,5847,5752,4658,4609,4443,4139,369,763,1646,1750,1903,2088,2073,2065,1716,1861,1994,2019,1941,34,42,94,54,124,1716,1861,1994,2019,1941,0,0,67,93,88
Not,514,2748997,1026562,744,1401,3516,4358,3568,3376,3168,3102,222,459,1000,1287,1379,1490,1484,1493,1274,1336,1447,1436,1419,13,43,43,48,74,1274,1336,1447,1436,1419,0,0,0,9,0
Not,515,2754834,1025952,1032,1943,4876,4542,3992,3723,3549,3950,308,636,1383,1397,1616,1614,1730,2062,1373,1562,1556,1652,1955,24,54,58,78,107,1373,1562,1556,1652,1955,0,0,0,57,40
Not,516,2754799,1020920,1222,2303,5777,8140,6140,5477,5379,5050,364,754,1775,2597,2375,2422,2417,2086,2572,2318,2350,2352,1995,25,57,72,65,91,2572,2318,2350,2352,1995,14,4,0,3,7
Not,517,2754796,1011583,669,1260,3162,3701,5157,4470,4592,4470,199,413,961,1091,1773,1694,1793,1875,1073,1743,1662,1755,1756,18,30,32,38,119,1073,1743,1662,1755,1756,0,0,79,203,56
Not,518.01,2749002,1020363,140,263,660,2926,3590,3599,3465,3449,42,86,197,920,1375,1478,1469,1495,892,1322,1429,1429,1436,28,53,49,40,59,892,1322,1429,1429,1436,0,4,0,0,0
Not,518.02,2743695,1019913,524,988,2479,6730,6349,6371,6273,5792,156,324,740,2045,2550,3081,2993,2995,1964,2472,2880,2851,2649,81,78,201,142,346,1964,2472,2880,2851,2649,0,0,8,3,0
Not,518.03,2738390,1018581,489,921,2311,5037,4823,4718,4405,4383,146,302,690,1314,1746,2074,2068,2143,1301,1708,1931,1978,2021,13,38,143,90,122,1301,1708,1931,1978,2021,0,2,0,73,0
Not,518.04,2738385,1011421,38,72,181,2504,4649,5420,5488,5024,11,24,54,773,1834,2599,2568,2577,717,1640,2411,2502,2424,56,194,188,66,153,717,1640,2411,2502,2424,11,0,0,3,0
Not,518.05,2743688,1011197,243,457,1147,7541,6532,5723,5405,5382,72,150,342,1943,2155,2173,2170,2505,1914,2064,2136,2139,2336,29,91,37,31,169,1914,2064,2136,2139,2336,0,190,168,194,145
Not,518.06,2749005,1011362,161,303,760,4737,4614,4424,4302,4555,48,99,227,1366,1663,1720,1745,2123,1244,1584,1673,1707,1972,122,79,47,38,151,1244,1584,1673,1707,1972,8,0,80,185,182
Not,519.02,2733083,1018619,148,279,700,8869,5748,5276,4446,4252,44,91,211,2519,1976,2003,1803,1798,2439,1934,1980,1785,1743,80,42,23,18,55,2439,1934,1980,1785,1743,0,0,0,0,0
Not,519.03,2728439,1018561,234,442,1108,6158,3128,2770,3019,3123,70,145,334,1781,1148,1140,1284,1302,1703,1112,1083,1250,1233,78,36,57,34,69,1703,1112,1083,1250,1233,81,0,0,1,43
Not,519.04,2728508,1011965,4,8,21,1623,3995,6386,5891,5454,1,3,6,467,1240,2452,2510,2524,436,1189,2356,2411,2427,31,51,96,99,97,436,1189,2356,2411,2427,0,0,0,0,0
Not,519.06,2733060,1026353,240,451,1132,2490,3192,4868,4992,5694,71,148,342,861,1398,2330,2265,2692,793,1318,2145,2153,2449,68,80,185,112,243,793,1318,2145,2153,2449,0,5,0,150,151
Not,519.07,2732418,1022587,242,456,1144,2516,3301,3567,3584,3712,72,149,344,870,1440,1678,1621,1651,801,1356,1577,1557,1504,70,84,100,63,147,801,1356,1577,1557,1504,0,8,8,33,22
Not,519.08,2733066,1009198,43,82,205,1108,2220,1950,1843,1718,12,26,59,167,756,772,768,763,142,724,737,746,705,26,32,35,22,58,142,724,737,746,705,0,0,0,0,0
Not,519.09,2733079,1013270,134,251,631,3410,6833,6002,5674,5288,41,83,193,547,2472,2523,2511,2494,463,2366,2410,2439,2315,83,106,113,72,179,463,2366,2410,2439,2315,0,0,0,0,0
Not,520.01,2733821,1033163,136,255,641,2064,1796,2104,1983,2134,40,84,177,770,898,1254,1195,1297,745,844,1163,1109,1194,25,54,91,86,103,745,844,1163,1109,1194,52,0,1,40,16
Not,520.03,2727764,1033120,679,1280,3211,7147,6755,6917,6519,6413,203,419,885,2213,2750,3158,3119,3114,2133,2626,2994,3023,2890,80,124,164,96,224,2133,2626,2994,3023,2890,6,0,0,0,3
Not,520.04,2731590,1033150,185,349,875,1947,1840,1734,1609,1656,55,114,241,603,749,879,841,862,581,715,839,818,802,22,34,40,23,60,581,715,839,818,802,1,0,0,0,0
Not,521.01,2732994,1040650,753,1418,2226,2605,2656,2718,2015,2026,228,430,629,914,1158,1161,842,887,809,1086,1074,797,836,105,72,87,45,51,809,1086,1074,797,836,7,59,113,132,123
Not,521.02,2727773,1039770,1094,2060,3233,3806,3223,2920,2811,2633,332,625,913,1153,1339,1329,1353,1237,1118,1278,1274,1307,1167,35,61,55,46,70,1118,1278,1274,1307,1167,101,70,82,61,85
Not,522.01,2733505,1045097,385,725,1728,3055,2607,3544,3694,3524,115,235,504,975,1019,1403,1451,1456,936,960,1335,1412,1373,39,59,68,39,83,936,960,1335,1412,1373,1,14,10,8,7
Not,522.02,2727760,1045073,259,489,1226,2898,4231,3943,3614,3290,77,160,358,731,1299,1367,1365,1380,731,1254,1346,1347,1334,0,45,21,18,46,731,1254,1346,1347,1334,0,0,0,5,0
Not,523.03,2713742,1035369,133,251,629,1255,3213,5428,5316,7192,40,82,178,344,1081,1932,2010,3280,333,1020,1879,1946,3072,11,61,53,64,208,333,1020,1879,1946,3072,0,0,0,1,5
Not,523.04,2722463,1035912,197,371,931,1859,4763,5055,5098,4823,59,121,263,509,1602,1847,1934,1946,492,1512,1788,1892,1875,17,90,59,42,71,492,1512,1788,1892,1875,0,0,1,170,151
Not,523.05,2720410,1043755,362,682,1711,1996,2451,3238,4378,4516,110,228,494,594,862,1266,1691,1823,575,825,1201,1655,1755,19,37,65,36,68,575,825,1201,1655,1755,0,0,0,0,119
Not,523.06,2713194,1043517,265,499,1253,1461,1793,2370,3204,3305,77,159,345,415,602,885,1182,1274,401,576,840,1157,1218,14,26,45,25,56,401,576,840,1157,1218,0,0,0,0,0
Not,524.05,2721673,1013604,303,572,1434,2352,6393,7874,7648,7593,90,187,397,757,2333,2934,3137,3134,690,2149,2765,2894,2966,67,184,169,243,168,690,2149,2765,2894,2966,4,95,216,341,180
Not,524.1,2711485,1026461,25,45,112,175,466,3259,5081,5214,7,14,33,55,179,1322,1862,2035,54,156,1205,1741,1935,2,23,117,121,100,54,156,1205,1741,1935,0,0,0,0,43
Not,524.11,2717163,1029151,15,28,70,83,226,2084,3202,3176,5,9,20,28,88,641,972,1058,27,74,619,961,1033,1,14,22,11,25,27,74,619,961,1033,0,0,0,0,0
Not,524.14,2717164,1023860,21,39,99,117,316,2922,4491,4049,6,13,27,39,123,899,1418,1571,38,103,868,1407,1540,1,20,31,11,31,38,103,868,1407,1540,0,0,0,0,0
Not,524.15,2712353,1018561,14,26,66,103,273,1909,2976,3017,4,8,20,33,105,775,1299,1410,31,92,706,1258,1319,1,13,69,41,91,31,92,706,1258,1319,0,0,0,0,0
Not,524.16,2717170,1018539,183,344,862,1415,3846,4998,4993,4622,55,112,238,455,1403,2214,2106,2246,414,1293,2122,2046,2052,41,111,91,60,194,414,1293,2122,2046,2052,2,58,13,261,120
Not,524.17,2722347,1016599,121,228,573,940,2553,3318,3315,3281,36,75,158,302,932,1470,1591,1686,275,859,1410,1533,1545,27,73,61,58,141,275,859,1410,1533,1545,2,38,8,70,27
Not,524.18,2727773,1027824,12,22,55,155,2436,3032,3152,3253,4,9,18,104,1255,1618,1767,1841,68,1110,1520,1663,1620,37,144,98,104,221,68,1110,1520,1663,1620,0,50,0,0,0
Not,524.19,2722473,1029141,17,32,80,223,3493,4347,4520,4664,4,9,19,110,1317,1699,1856,1933,71,1166,1596,1746,1739,39,152,103,110,194,71,1166,1596,1746,1739,0,72,0,0,0
Not,524.21,2722479,1023842,15,28,71,198,3111,3871,4025,3802,4,9,20,113,1353,1745,1829,1849,73,1198,1639,1764,1782,40,156,106,64,67,73,1198,1639,1764,1782,0,64,0,0,0
Not,525.02,2703524,1037057,86,160,403,476,872,1114,1648,1648,25,52,138,139,307,365,585,633,134,273,356,571,614,5,34,9,14,19,134,273,356,571,614,0,0,0,0,0
Not,525.04,2704346,1018524,50,93,232,274,503,642,951,4941,15,30,80,80,177,211,494,2503,77,158,206,437,2105,3,20,5,58,398,77,158,206,437,2105,0,0,0,0,0
Not,526.01,2685927,1018481,32,60,152,224,562,747,2299,7822,10,20,51,64,177,244,855,2736,64,170,239,822,2576,0,7,5,33,160,64,170,239,822,2576,0,0,2,0,0
Not,526.03,2694530,1038993,127,239,599,886,2224,2956,7548,16774,38,78,202,254,703,969,2560,5375,254,675,948,2495,5219,0,28,21,65,156,254,675,948,2495,5219,0,0,6,11,0
Not,526.04,2684277,1029170,11,21,53,79,198,263,671,1521,3,7,18,23,63,87,237,613,23,61,85,229,581,0,3,2,8,32,23,61,85,229,581,0,0,1,0,0
Not,526.06,2685612,1038477,15,27,69,102,255,339,866,1903,5,10,27,34,93,128,348,884,34,89,125,337,783,0,4,3,12,101,34,89,125,337,783,0,0,1,0,0
Not,526.07,2680412,1039998,12,23,59,87,218,290,741,1680,3,6,16,20,56,77,210,544,20,54,76,203,527,0,2,2,7,17,20,54,76,203,527,0,0,1,0,0
Not,527,2651873,1008648,893,1683,4223,4693,4039,4167,5876,7032,266,551,1427,1396,1747,1704,2179,2733,1312,1456,1535,2076,2504,84,291,169,103,229,1312,1456,1535,2076,2504,63,42,49,0,41
Not,528.01,2682134,1002096,65,122,307,486,852,2742,4725,9240,19,40,104,147,288,865,1664,3199,140,272,834,1568,3043,7,15,31,96,156,140,272,834,1568,3043,14,23,0,0,0
Not,528.02,2693537,1002536,121,228,572,913,1528,1656,2093,7700,36,75,193,278,520,609,739,2803,263,492,575,692,2667,15,28,34,47,136,263,492,575,692,2667,30,48,55,0,0
Not,528.03,2695751,992077,176,332,835,1332,2228,2415,3792,3982,52,109,282,405,758,888,1329,1438,384,717,839,1280,1362,21,41,50,49,76,384,717,839,1280,1362,43,71,81,179,61
Not,529.04,2701089,997351,56,106,264,565,1517,2905,3381,3299,17,34,89,167,583,1092,1275,1327,162,522,1043,1253,1249,6,61,49,22,78,162,522,1043,1253,1249,2,1,3,0,0
Not,529.05,2707465,994731,59,112,281,605,1590,3115,4083,4447,18,37,95,179,603,1186,1772,1763,173,544,1136,1668,1661,6,59,51,104,102,173,544,1136,1668,1661,2,1,4,0,0
Not,529.06,2700764,992077,66,124,311,669,1759,3445,4902,4888,20,41,105,198,667,1312,1792,1803,192,601,1256,1763,1733,7,65,56,29,70,192,601,1256,1763,1733,2,1,4,15,15
Not,529.07,2711077,998668,34,65,162,348,916,4234,4753,4654,10,21,55,103,347,1621,1806,1800,100,313,1541,1772,1706,3,34,80,34,94,100,313,1541,1772,1706,1,1,108,166,156
Not,529.08,2710087,992072,31,58,146,314,825,3812,4279,5839,9,19,49,93,313,1459,1780,2731,90,282,1387,1745,2546,3,31,72,35,185,90,282,1387,1745,2546,1,0,97,23,15
Not,529.1,2705348,1003468,28,54,136,279,867,1412,2938,3879,9,18,46,81,364,473,914,1412,78,311,444,895,1374,3,53,29,19,38,78,311,444,895,1374,1,0,0,114,110
Not,530.02,2727911,1004037,5,10,25,39,243,3758,4837,4859,2,3,8,10,129,1767,2325,2381,9,98,1623,2205,2279,1,31,144,120,102,9,98,1623,2205,2279,0,0,0,0,0
Not,530.04,2722419,1004256,15,28,70,110,678,2636,3744,3638,5,9,23,29,360,1171,1787,1837,27,275,1083,1678,1752,2,86,88,109,85,27,275,1083,1678,1752,0,0,26,108,105
Not,530.05,2717374,1006116,7,13,32,50,311,1210,1718,1697,2,4,11,13,165,537,681,686,12,126,497,646,657,1,39,40,35,29,12,126,497,646,657,0,0,12,0,21
Not,530.06,2717053,1002655,4,8,20,32,199,772,1097,3212,1,3,7,8,106,343,352,1904,8,80,317,339,1726,1,25,26,13,178,8,80,317,339,1726,0,0,8,45,77
Not,530.07,2717083,997277,1,2,5,8,46,955,4940,4814,0,1,2,2,25,329,1829,1851,2,19,305,1800,1790,0,6,24,29,61,2,19,305,1800,1790,0,0,0,0,0
Not,530.08,2722389,997343,1,1,3,5,31,633,3277,4579,0,0,1,1,16,218,1598,2210,1,12,203,1401,2079,0,4,16,197,131,1,12,203,1401,2079,0,0,0,40,0
Not,530.09,2728343,994682,1,2,5,7,45,923,4775,4541,0,0,1,2,24,318,1648,1688,2,18,295,1599,1653,0,6,23,49,35,2,18,295,1599,1653,0,0,0,0,0
Not,530.1,2723699,992031,1,2,4,7,42,866,4480,4674,0,0,1,2,22,298,1290,1491,2,17,277,1275,1450,0,5,21,15,41,2,17,277,1275,1450,0,0,0,0,0
Not,530.11,2717078,992031,0,1,2,3,19,383,1983,2161,0,0,1,1,10,132,592,651,1,8,123,582,637,0,2,9,10,14,1,8,123,582,637,0,0,0,0,0
Not,531.01,2733045,1004013,8,14,36,31,340,4322,3787,4093,2,5,12,9,173,1693,1655,2048,9,136,1602,1552,1940,0,37,91,103,108,9,136,1602,1552,1940,0,0,0,0,0
Not,531.02,2738383,1003876,16,30,76,65,718,4878,4805,4415,5,10,25,19,365,1963,2011,2016,19,288,1793,1929,1869,0,77,170,82,147,19,288,1793,1929,1869,0,0,0,0,0
Not,531.05,2736308,997723,2,3,7,6,67,1003,3060,3152,0,1,2,2,34,556,1794,1800,2,27,427,1616,1661,0,7,130,178,139,2,27,427,1616,1661,0,0,0,0,0
Not,531.08,2732988,997332,2,4,10,9,94,1395,4253,4208,1,1,4,3,54,873,1720,1820,3,42,669,1644,1687,0,11,203,76,133,3,42,669,1644,1687,0,0,0,0,0
Not,531.09,2737081,993323,1,2,5,5,50,749,2284,2260,0,1,2,1,25,414,817,864,1,20,318,781,826,0,5,97,36,38,1,20,318,781,826,0,0,0,0,0
Not,531.1,2732978,991991,2,3,9,8,85,1268,3866,3825,0,1,2,2,37,604,1190,1259,2,29,463,1137,1239,0,8,141,53,20,2,29,463,1137,1239,0,0,0,0,12
Not,532.01,2745444,1000997,2,3,9,26,43,852,1721,2067,1,1,3,9,16,333,699,990,8,14,288,689,932,1,2,45,10,58,8,14,288,689,932,0,0,33,1,133
Not,532.02,2746528,997312,4,8,19,58,94,1881,3801,3565,1,2,6,19,36,735,1780,1832,18,32,636,1607,1603,2,4,100,173,229,18,32,636,1607,1603,0,0,72,401,360
Not,532.03,2743588,993339,4,8,20,62,100,2000,4040,5176,1,3,7,21,38,782,1502,2464,19,34,676,1354,2304,2,4,106,148,160,19,34,676,1354,2304,0,0,77,0,4
Not,533.01,2753385,1002459,12,22,55,130,1075,3068,5059,5170,3,7,19,39,395,1066,1962,2349,36,345,1000,1859,2198,3,50,66,103,151,36,345,1000,1859,2198,0,0,0,0,0
Not,533.02,2753295,993328,21,39,100,234,1920,5885,7309,7102,7,13,33,70,705,1915,2401,2606,65,616,1801,2350,2522,5,89,114,51,84,65,616,1801,2350,2522,0,0,0,38,0
Not,534.03,2717067,986728,9,18,44,66,174,374,1417,3948,3,6,15,20,56,125,519,1463,19,51,116,481,1413,1,5,9,38,50,19,51,116,481,1413,0,0,0,0,0
Not,534.06,2721024,976172,30,58,145,214,567,1219,4613,8605,9,19,49,66,182,407,1565,2833,63,165,378,1513,2782,4,17,29,52,51,63,165,378,1513,2782,0,0,0,0,0
Not,534.09,2752090,986698,13,25,62,92,245,565,2461,3335,4,8,21,29,78,193,919,1273,27,71,182,898,1209,2,7,11,21,64,27,71,182,898,1209,0,0,0,0,0
Not,534.1,2752127,976175,20,38,94,140,370,855,3720,10582,6,12,32,43,119,292,1158,3479,41,108,275,1113,3276,2,11,17,45,203,41,108,275,1113,3276,0,0,0,0,0
Not,534.11,2743576,973451,18,33,84,124,328,757,3296,5215,5,10,26,35,97,239,975,1822,33,88,225,954,1783,2,9,14,20,39,33,88,225,954,1783,0,0,0,0,0
Not,534.13,2743581,981405,14,27,67,99,262,605,2635,4170,4,8,22,29,80,197,802,1500,28,73,185,786,1438,2,7,12,17,62,28,73,185,786,1438,0,0,0,0,0
Not,534.14,2744904,986703,11,21,53,78,207,477,2077,3286,4,8,21,28,78,192,784,1466,27,71,181,768,1371,2,7,11,16,95,27,71,181,768,1371,0,0,0,0,0
Not,534.15,2738276,986717,11,20,51,76,200,462,2012,3255,4,8,20,27,75,185,852,1520,26,68,174,770,1360,1,7,11,83,160,26,68,174,770,1360,0,0,0,0,0
Not,534.17,2738269,981396,13,25,63,93,245,566,2465,3988,3,7,18,24,67,166,762,1359,23,61,156,688,1318,1,6,10,74,41,23,61,156,688,1318,0,0,0,0,0
Not,534.18,2738278,973447,12,22,56,83,219,505,2200,3559,3,7,19,26,70,173,797,1422,24,64,163,720,1357,1,6,10,77,65,24,64,163,720,1357,0,0,0,0,0
Not,534.19,2733626,986714,4,8,20,29,78,167,632,1657,1,3,7,10,28,62,217,697,10,25,57,209,667,1,3,4,9,30,10,25,57,209,667,0,0,0,0,0
Not,534.21,2722368,986719,10,18,45,67,178,383,1450,3799,3,6,15,20,56,125,439,1408,19,51,116,422,1330,1,5,9,17,78,19,51,116,422,1330,0,0,0,0,0
Not,534.22,2728329,986717,6,11,27,40,105,225,853,2234,2,3,9,12,32,72,253,810,11,29,67,243,782,1,3,5,10,28,11,29,67,243,782,0,0,0,0,0
Not,534.23,2730912,981410,14,26,65,96,254,547,2069,5444,4,8,20,28,76,170,590,1547,26,69,158,552,1507,2,7,12,38,40,26,69,158,552,1507,0,0,0,0,0
Not,534.24,2727629,973495,9,18,44,66,174,374,1415,3721,3,6,16,22,61,137,475,1245,21,56,127,445,1134,1,6,10,30,111,21,56,127,445,1134,0,0,0,0,0
Not,535.02,2706875,986766,126,238,595,1145,2785,3712,3754,3567,38,78,201,329,908,1368,1376,1373,316,850,1313,1337,1245,13,58,55,39,128,316,850,1313,1337,1245,131,182,659,674,671
Not,535.05,2705716,968202,6,12,28,54,132,239,1585,7489,2,4,10,16,43,81,583,2420,15,40,79,567,2291,1,3,2,16,129,15,40,79,567,2291,6,9,0,0,0
Not,535.06,2711766,986747,52,98,246,475,1154,3150,4238,3845,16,32,83,136,376,953,1329,1319,131,352,927,1317,1284,5,24,26,12,35,131,352,927,1317,1284,54,75,0,5,0
Not,535.07,2711747,981497,76,143,359,692,1682,4592,6179,5612,23,47,121,198,549,1390,1873,1873,191,514,1352,1857,1826,8,35,37,16,47,191,514,1352,1857,1826,79,110,0,3,0
Not,535.08,2703932,982083,132,250,626,1205,2930,4927,6400,5808,40,81,211,346,955,1451,2014,2011,332,894,1419,1995,1942,14,61,33,19,69,332,894,1419,1995,1942,138,192,5,0,0
Not,535.09,2703919,976279,112,211,528,1016,2471,4157,5402,6920,33,69,178,292,806,1224,1854,2469,280,754,1197,1739,2409,11,52,27,115,60,280,754,1197,1739,2409,116,162,4,9,0
Not,535.1,2711707,976241,33,61,153,295,718,1961,2638,5302,10,20,52,85,234,593,929,1741,81,219,577,888,1707,3,15,16,41,34,81,219,577,888,1707,34,47,0,0,0
Not,535.55,2699685,989105,154,290,727,1228,2596,2576,2101,1920,46,95,246,370,875,1063,1022,1005,352,816,985,971,890,18,59,78,51,115,352,816,985,971,890,91,127,82,106,34
Not,535.56,2703564,986510,102,192,480,907,2141,1886,2404,2645,30,63,162,262,700,816,994,1047,251,655,748,953,955,11,45,69,41,92,251,655,748,953,955,97,135,73,0,0
Not,535.57,2699426,985954,177,335,838,1327,2736,2539,2479,2192,53,110,283,409,925,1070,1096,952,388,862,987,1052,853,21,64,83,44,99,388,862,987,1052,853,99,135,87,0,0
Not,536.01,2695286,986560,197,370,929,1119,1577,1762,2778,2162,59,121,314,388,592,670,949,871,360,545,634,913,770,27,47,36,36,101,360,545,634,913,770,4,0,42,0,4
Not,536.02,2685537,976267,613,1155,2896,3490,4915,5491,5337,7102,183,378,979,1209,1846,2089,1844,2611,1123,1698,1978,1814,2488,85,148,111,30,123,1123,1698,1978,1814,2488,14,0,130,256,275
Not,537.01,2643223,960692,207,391,981,1117,2197,2175,2318,2655,61,128,331,355,691,752,847,1034,335,656,723,802,958,20,35,28,45,76,335,656,723,802,958,1,1,1,2,0
Not,537.03,2669530,960478,79,149,373,428,578,704,1355,2742,31,65,169,190,294,376,679,1351,179,270,348,634,1095,11,24,29,45,256,179,270,348,634,1095,7,9,14,33,0
Not,537.05,2675747,960688,94,178,446,511,691,842,1620,3278,28,59,152,171,265,338,611,1215,161,243,313,570,1092,10,22,26,40,123,161,243,313,570,1092,8,11,17,40,0
Not,537.07,2669528,965237,129,242,608,697,942,1148,2208,4469,38,78,202,227,353,451,814,1619,214,324,417,760,1517,13,29,34,54,102,214,324,417,760,1517,11,15,23,54,15
Not,537.09,2661558,962723,152,286,719,823,1113,1356,2609,5280,44,91,235,264,411,524,947,1884,250,377,485,884,1785,15,34,40,63,99,250,377,485,884,1785,13,17,27,64,148
Not,537.11,2668501,973807,226,364,792,760,968,1123,2066,4011,61,104,227,214,311,382,655,1244,202,288,354,611,1097,11,23,28,44,147,202,288,354,611,1097,10,13,21,49,1072
Not,537.12,2667213,950905,104,196,491,563,760,927,1783,3609,30,63,163,183,285,364,656,1308,173,261,336,613,1237,10,24,28,44,71,173,261,336,613,1237,9,12,19,44,0
Not,538.01,2698579,949880,285,537,1348,1684,3549,4024,4350,5470,85,176,455,547,1174,1399,1559,2109,472,1086,1320,1515,1950,75,88,79,44,159,472,1086,1320,1515,1950,0,42,29,44,39
Not,538.03,2748000,952265,116,219,549,772,1852,2660,3371,3508,36,74,191,243,651,919,1172,1343,210,580,879,1149,1268,34,71,39,23,75,210,580,879,1149,1268,0,0,0,0,0
Not,538.04,2726518,952316,72,135,338,474,1137,1634,2071,2155,20,42,109,139,371,524,668,766,119,331,502,655,715,19,40,23,13,51,119,331,502,655,715,0,0,0,0,0
Not,9800.01,2712525,1009046,0,0,0,0,1,3,4,5,0,0,0,0,1,2,3,3,0,1,2,2,2,0,0,0,0,1,0,1,2,2,2,0,0,0,0,0
Not,9800.02,2727774,1024316,0,0,0,1,15,18,19,18,0,0,0,1,9,11,12,12,0,8,11,11,12,0,1,1,0,0,0,8,11,11,12,0,0,0,0,0
Not,9800.03,2703276,1027822,0,1,2,2,3,4,6,8,0,0,1,1,2,2,3,5,1,1,2,3,4,0,0,0,0,1,1,1,2,3,4,0,0,0,0,0
Not,701,2671624,1149075,2373,2445,2801,3079,2108,2181,2038,1916,852,1020,1095,1325,1247,1267,1153,1229,1157,996,1063,1003,1019,168,251,204,150,210,1157,996,1063,1003,1019,56,75,0,79,14
Not,702,2667012,1149609,2631,2711,3106,3414,2883,2992,2949,2795,872,1043,1120,1355,1358,1446,1432,1384,1267,1244,1287,1294,1220,88,114,159,138,164,1267,1244,1287,1294,1220,14,0,12,14,0
Not,703,2664686,1146512,4849,4996,5723,6291,5906,5790,5799,5383,1233,1475,1584,1916,2200,2353,2365,2408,1848,2096,2177,2259,2179,68,104,176,106,229,1848,2096,2177,2259,2179,88,0,0,16,8
Not,704,2671543,1144357,3846,3963,4539,4990,4111,3983,3877,3502,1271,1520,1632,1975,1925,1883,1844,1752,1854,1735,1708,1653,1546,121,190,175,191,206,1854,1735,1708,1653,1546,35,18,5,13,0
Not,705,2673129,1136146,3551,3659,4192,4608,3835,4273,5057,5396,890,1065,1144,1384,1351,1723,1964,2042,1233,1265,1578,1808,1836,151,86,145,156,206,1233,1265,1578,1808,1836,634,492,383,752,1067
Not,707,2665453,1138014,2351,2422,2775,3050,4332,5093,4940,4828,613,733,788,953,1568,1918,1956,2030,907,1490,1799,1889,1917,46,78,119,67,113,907,1490,1799,1889,1917,0,79,105,98,51
Not,709,2630605,1166306,1750,1803,2065,2270,2572,2812,2995,2897,437,523,561,679,881,1008,1118,1174,641,820,954,1067,1073,38,61,54,51,101,641,820,954,1067,1073,61,58,55,50,45
Not,710,2628886,1126702,1255,1293,1481,1628,1941,2266,2895,3794,306,366,393,476,630,786,1090,1415,445,593,762,1033,1345,31,37,24,57,70,445,593,762,1033,1345,7,0,0,0,0
Not,711.01,2667402,1121153,2584,2663,3051,3353,3991,5289,6677,9275,400,479,514,622,1027,1461,2381,3387,600,963,1351,2313,3206,22,64,110,68,181,600,963,1351,2313,3206,1411,1119,1367,79,59
Not,711.02,2692926,1120960,2096,2159,2473,2719,3236,4288,5414,5714,324,388,417,504,833,1185,1145,1291,487,781,1096,1087,1217,17,52,89,58,74,487,781,1096,1087,1217,1145,908,1108,2484,2560
Not,712.02,2652194,1063764,649,668,765,842,1313,1653,2511,3792,155,185,199,241,417,554,873,1417,230,396,531,851,1344,10,21,23,22,73,230,396,531,851,1344,0,0,0,0,0
Not,712.03,2654060,1089819,1130,1165,1334,1466,2289,2880,4376,6608,286,343,368,445,772,1025,1616,2622,426,732,983,1576,2495,19,40,42,41,127,426,732,983,1576,2495,0,0,0,0,0
Not,714,2633068,1037201,1422,1465,1679,1845,2422,2846,3352,3851,391,466,501,607,886,1053,1280,1531,574,812,999,1233,1456,33,74,54,47,75,574,812,999,1233,1456,0,13,1,0,0
Not,716,2617626,1082335,918,946,1083,1191,1529,1783,2201,2701,244,293,314,380,541,630,808,1040,368,506,601,776,979,12,36,29,32,61,368,506,601,776,979,17,0,31,31,0
Not,718,2626668,1062389,1778,1832,2098,2306,3056,3613,4638,5960,478,572,614,743,1093,1302,1742,2367,717,1022,1243,1678,2242,25,70,59,63,125,717,1022,1243,1678,2242,27,1,49,48,84
Not,9819,2669797,1163095,7930,8172,9359,10288,9285,12630,8971,7815,896,1071,1151,1392,1692,1670,1633,1608,1374,1579,1582,1550,1373,18,113,88,83,235,1374,1579,1582,1550,1373,4162,3170,6281,2971,2673
Not,9551,2689667,769321,6635,5573,4587,4307,4565,4576,5305,5353,2201,2036,1875,1851,2205,2667,2617,3215,1579,1748,1782,2110,2193,272,456,885,506,1022,1579,1748,1782,2110,2193,88,105,101,73,0
Not,9552,2689188,710113,5334,4480,3687,3463,3669,3678,4265,4303,1769,1636,1508,1488,1772,2144,2103,2231,1269,1406,1433,1697,1827,219,367,711,407,404,1269,1406,1433,1697,1827,70,84,81,58,63
Not,1001,2660407,915404,2006,2027,2046,1982,2225,2415,3448,3581,566,592,583,646,821,873,1238,1389,614,766,837,1201,1315,32,55,36,37,74,614,766,837,1201,1315,0,0,0,0,0
Not,1002,2715231,915110,1155,1168,1179,1141,1281,1391,2293,4415,312,327,322,356,453,482,811,1616,337,420,460,774,1541,19,33,22,37,75,337,420,460,774,1541,0,0,0,0,0
Not,1003,2745312,914874,1135,1147,1158,1122,1259,1367,2178,2800,328,343,338,374,476,506,829,1071,351,436,480,773,1012,23,40,26,56,59,351,436,480,773,1012,0,0,0,0,0
Not,1004,2744696,851360,1836,1856,1873,1814,2037,2211,2848,4124,536,561,553,612,777,827,1089,1663,576,717,787,1017,1521,36,60,40,72,142,576,717,787,1017,1521,43,39,40,119,83
Not,1005,2681271,851516,2932,2963,2991,2896,3252,3530,4159,4334,864,905,892,987,1254,1334,1638,1786,905,1115,1242,1531,1618,82,139,92,107,168,905,1115,1242,1531,1618,0,0,0,0,0
Not,1006.01,2683526,878236,4221,4266,4307,4170,4682,5082,5583,6098,1286,1348,1327,1468,1866,1985,2213,2555,1365,1692,1870,2124,2375,102,173,114,89,180,1365,1692,1870,2124,2375,350,316,328,288,274
Not,1006.02,2654778,878574,1424,1439,1453,1406,1579,1714,1883,1854,434,454,447,495,629,669,710,750,461,571,631,678,714,35,59,39,32,36,461,571,631,678,714,118,107,110,0,0
Not,1007,2651948,838958,4780,4832,4877,4723,5303,5756,5959,5581,1487,1557,1534,1697,2157,2295,2456,2360,1519,1854,2095,2267,2065,178,303,200,189,295,1519,1854,2095,2267,2065,575,520,538,339,288
Not,400.01,2759231,1081637,0,0,0,37,28,1,1,0,0,0,0,25,27,1,1,0,22,21,1,1,0,3,6,0,0,0,22,21,1,1,0,0,0,0,0,0
Not,400.02,2756786,1069022,914,656,377,52,26,0,0,3,245,198,140,31,29,0,3,0,24,16,0,0,0,7,13,0,3,0,24,16,0,0,0,7,0,0,0,3
Not,402,2745897,1084070,3239,3825,3394,4634,2661,2239,1294,1351,984,1176,1100,1572,1239,1059,837,725,1401,859,797,465,545,171,380,262,372,180,1401,859,797,465,545,30,0,0,38,0
Not,403,2744708,1083699,3052,3604,3198,1955,1581,1245,688,738,927,1108,1000,665,569,513,364,349,610,491,417,278,277,55,78,96,86,72,610,491,417,278,277,14,0,0,0,0
Not,404,2744234,1081532,3256,3845,3412,3685,3681,2888,2359,1887,989,1182,1195,1219,1183,1095,1015,919,1156,1120,970,868,750,63,63,125,147,169,1156,1120,970,868,750,12,0,0,0,0
Not,405,2737903,1081132,1012,1533,2950,2634,2064,1916,1862,1898,289,464,910,841,807,795,779,758,797,783,754,715,650,44,24,41,64,108,797,783,754,715,650,0,0,0,0,0
Not,406,2742444,1079984,3801,4489,3983,4232,3854,3453,3004,2690,1154,1380,1225,1394,1338,1283,1219,1167,1322,1254,1162,1055,950,72,84,121,164,217,1322,1254,1162,1055,950,0,0,0,0,0
Not,407,2748090,1080398,4512,5328,4728,5267,3977,2881,2024,1766,1370,1638,1636,1508,1342,1204,995,858,1430,1232,1048,816,647,78,110,156,179,211,1430,1232,1048,816,647,0,22,13,0,35
Not,408,2751579,1079068,2648,3127,2775,2126,1510,1158,833,542,804,962,807,746,641,529,396,318,690,579,438,334,217,56,62,91,62,101,690,579,438,334,217,6,0,0,0,0
Not,409,2753600,1081934,7406,8044,7246,4038,2557,1972,1513,1292,2152,2438,2222,1545,1204,1048,850,727,1395,1075,885,688,566,150,129,163,162,161,1395,1075,885,688,566,7,0,0,0,0
Not,410,2754800,1077782,5044,4614,4301,4668,3010,2210,1602,1336,1346,1351,1351,1779,1287,1044,864,680,1595,1115,841,660,532,184,172,203,204,148,1595,1115,841,660,532,1,0,0,0,0
Not,411,2753405,1076707,5434,5819,5256,3386,2081,1724,1340,1209,1567,1759,1734,1350,1046,846,597,536,1238,803,622,495,446,112,243,224,102,90,1238,803,622,495,446,3,11,0,0,1
Not,412,2748304,1076864,5389,6364,5647,4506,3209,2129,1650,1534,1636,1957,1770,1623,1236,1084,802,761,1489,1132,803,639,594,134,104,281,163,167,1489,1132,803,639,594,8,4,0,0,0
Not,413,2741745,1076418,5145,6076,5392,6028,5188,4989,4953,4710,1562,1868,1778,2253,2192,2166,2062,1948,2166,2070,1873,1799,1577,87,122,293,263,371,2166,2070,1873,1799,1577,36,15,0,5,17
Not,415,2740253,1071445,1469,1474,2483,2523,2384,2130,2470,2464,433,476,860,1027,1117,1074,1017,1007,1027,1078,949,931,822,0,39,125,86,185,1027,1078,949,931,822,24,14,23,58,8
Not,416,2744510,1073425,2409,2417,4071,4094,3645,3623,3922,4115,709,780,1412,1696,1654,1599,1582,1552,1696,1573,1472,1464,1350,0,81,127,118,202,1696,1573,1472,1464,1350,101,34,74,80,16
Not,417,2748346,1073484,2774,2783,4688,3524,2768,2752,2612,2522,817,898,1649,1502,1342,1246,1060,980,1359,1178,1027,870,784,143,164,219,190,196,1359,1178,1027,870,784,129,0,98,53,0
Not,418,2753081,1073970,1005,1008,1698,979,889,949,993,978,296,325,780,623,763,748,710,767,566,630,609,553,664,57,133,139,157,103,566,630,609,553,664,59,29,89,182,53
Not,419,2754288,1071376,2174,2181,3673,2648,2102,1845,1884,1845,640,704,1345,1113,1025,927,865,832,1017,924,803,722,691,96,101,124,143,141,1017,924,803,722,691,71,36,34,0,3
Not,420.01,2751503,1071992,1654,1659,2795,1982,1768,1704,1841,1703,487,536,1039,857,870,738,569,525,772,745,565,461,406,85,125,173,108,119,772,745,565,461,406,61,60,208,327,281
Not,420.02,2751581,1069587,1732,1737,2926,2836,2110,2042,2047,1947,510,561,1088,1098,1041,933,805,790,996,919,800,713,674,102,122,133,92,116,996,919,800,713,674,53,0,0,3,0
Not,421,2748301,1070055,2597,2606,4389,3550,2725,2526,2793,2801,765,841,1666,1434,1249,1150,1051,994,1335,1115,970,907,805,99,134,180,144,189,1335,1115,970,907,805,28,0,1,5,14
Not,422,2743169,1069182,4624,4674,2309,2067,1676,1547,1670,1937,1287,1438,813,785,726,699,669,634,785,690,629,599,558,0,36,70,70,76,785,690,629,599,558,57,0,0,0,6
Not,423,2748298,1067744,8585,8677,4287,3778,3665,3172,3595,3618,2390,2669,1534,1486,1633,1481,1389,1298,1389,1493,1273,1222,1111,97,140,208,167,187,1389,1493,1273,1222,1111,2,0,11,0,3
Not,424,2752254,1067055,7768,7851,3879,3240,2815,2571,2738,2692,2162,2415,1281,1161,1123,1010,904,887,1090,986,856,817,730,71,137,154,87,157,1090,986,856,817,730,68,227,213,0,24
Not,425.01,2755415,1066107,2740,2926,1473,498,19,207,4,61,757,830,469,140,63,141,6,1,129,10,139,3,0,11,53,2,3,1,129,10,139,3,0,0,0,0,0,61
Not,425.02,2745516,1064029,336,359,181,72,17,19,4,5,93,102,57,29,7,8,3,2,29,7,8,2,1,0,0,0,1,1,29,7,8,2,1,0,0,0,0,0
Not,426,2749826,1062233,9585,10236,5152,4745,3385,3252,3205,2858,2648,2902,1613,1683,1381,1223,1100,1022,1683,1234,1108,981,871,0,147,115,119,151,1683,1234,1108,981,871,12,0,26,0,0
Not,427,2739534,1057076,1220,1848,3556,4356,3531,3425,3408,3413,348,559,1191,1518,1404,1354,1291,1279,1473,1292,1192,1167,1148,45,112,162,124,131,1473,1292,1192,1167,1148,39,0,8,0,0
Not,428,2744006,1057375,3533,3585,3629,2793,3610,3547,3467,3337,1016,1088,1051,940,1396,1391,1370,1367,912,1329,1315,1277,1254,28,67,76,93,113,912,1329,1315,1277,1254,0,0,0,0,4
Not,430,2755797,1060413,1207,1225,1240,608,176,141,126,82,347,372,379,207,85,63,55,52,188,71,53,48,39,19,14,10,7,13,188,71,53,48,39,0,0,0,0,0
Not,433.01,2750718,1050355,2739,2953,2865,3310,3338,3467,3672,3882,813,909,930,1307,1625,2113,2058,2049,1237,1530,1755,1936,1746,70,95,358,122,303,1237,1530,1755,1936,1746,20,30,0,0,0
Not,434,2744451,1051065,1112,1684,3240,3004,2836,2476,2580,2134,317,509,899,947,1036,1008,1014,916,902,961,917,938,825,45,75,91,76,91,902,961,917,938,825,0,0,0,0,0
Not,435,2739535,1051085,836,1266,2436,2278,1820,1692,1599,1584,238,383,673,666,661,660,653,656,646,640,637,629,606,20,21,23,24,50,646,640,637,629,606,17,0,0,0,0
Not,436,2733261,1050405,2126,3220,6195,6514,6667,6781,6638,6580,606,974,1577,1737,2202,2397,2399,2414,1685,2120,2283,2318,2257,52,82,114,81,157,1685,2120,2283,2318,2257,7,0,0,0,0
Not,437,2735475,1057883,781,1182,2275,1929,2204,2128,2231,2240,223,358,660,587,809,808,841,869,569,783,778,807,787,18,26,30,34,82,569,783,778,807,787,2,0,0,0,0
Not,438.02,2716047,1055758,430,652,1254,1905,1720,1544,1424,1375,123,197,368,565,629,612,592,589,565,593,576,542,531,0,36,36,50,58,565,593,576,542,531,0,0,0,0,0
Not,438.03,2730540,1057567,943,1429,2749,2650,2731,2637,2880,2696,269,432,806,826,1010,1084,1112,1119,801,982,1022,1078,1041,25,28,62,34,78,801,982,1022,1078,1041,0,0,0,18,7
Not,438.04,2736865,1064072,55,56,57,110,33,23,14,8,16,17,17,47,14,8,7,6,46,11,7,5,4,1,3,1,2,2,46,11,7,5,4,0,0,0,0,0
Not,439.03,2734484,1076350,1104,1672,3216,4120,3292,3026,3026,3053,315,506,904,1280,1246,1262,1202,1145,1230,1194,1141,1109,1014,50,52,121,93,131,1230,1194,1141,1109,1014,0,0,0,0,0
Not,439.04,2725616,1076381,404,611,1176,3650,3446,3021,3015,2966,115,185,330,1112,1242,1289,1245,1345,1091,1182,1078,1102,1106,21,60,211,143,239,1091,1182,1078,1102,1106,108,0,0,0,0
Not,439.05,2728399,1070058,459,695,1338,2447,2901,2571,1711,1719,131,211,376,864,1155,1127,787,807,802,1115,1017,692,691,62,40,110,95,116,802,1115,1017,692,691,0,0,64,0,65
Not,440.01,2715258,1066998,842,1275,2453,3607,4416,3810,3732,3509,240,386,653,1036,1678,1456,1477,1485,1006,1589,1327,1408,1379,30,89,129,69,106,1006,1589,1327,1408,1379,0,0,0,0,0
Not,440.03,2712897,1058992,340,514,990,1662,2397,2891,2901,2826,97,156,264,524,910,1223,1267,1203,509,882,1090,1139,1120,15,28,133,128,83,509,882,1090,1139,1120,9,0,0,0,0
Not,440.04,2715583,1058031,195,296,569,893,1193,873,779,602,56,89,151,270,453,432,415,274,262,434,379,340,245,8,19,53,75,29,262,434,379,340,245,3,0,0,0,0
Not,441.01,2717817,1072151,68,102,197,621,785,937,1041,1150,19,31,52,226,331,404,406,501,220,313,365,390,445,6,18,39,16,56,220,313,365,390,445,0,0,0,0,0
Not,441.02,2712154,1072072,717,1086,2089,4692,4035,3457,3126,2931,204,328,550,1155,1173,1156,1148,1139,1129,1155,1116,1114,1057,26,18,40,34,82,1129,1155,1116,1114,1057,0,0,0,0,0
Not,441.03,2711322,1076388,281,425,818,2249,2345,2874,2853,2830,80,129,215,728,829,1160,1182,1228,685,802,1062,1144,1158,43,27,98,38,70,685,802,1062,1144,1158,84,137,257,219,209
Not,441.04,2718004,1076364,56,85,164,1242,2361,2678,3206,2640,16,26,43,371,1158,1627,1699,1700,361,1053,1342,1583,1281,10,105,285,116,419,361,1053,1342,1583,1281,0,0,0,0,0
Not,442.01,2711168,1081251,740,1120,2155,3728,4066,3916,3858,3881,211,339,608,1053,1381,1487,1508,1631,1033,1345,1422,1471,1552,20,36,65,37,79,1033,1345,1422,1471,1552,0,0,0,0,0
Not,442.02,2719066,1081220,686,1039,1999,4278,4125,3782,3584,3489,196,314,563,1212,1419,1441,1422,1425,1190,1380,1387,1383,1335,22,39,54,39,90,1190,1380,1387,1383,1335,1,0,0,0,0
Not,443.01,2726360,1085158,837,1268,2439,2451,2600,2537,2467,2300,239,383,677,735,1023,1095,1078,1083,726,974,1036,1014,957,9,49,59,64,126,726,974,1036,1014,957,0,148,77,76,79
Not,443.02,2726340,1082511,782,1184,2278,2680,2234,2161,1964,1870,223,358,632,753,811,816,812,814,743,794,792,748,714,10,17,24,64,100,743,794,792,748,714,73,0,70,57,40
Not,443.03,2726320,1079953,443,670,1290,2141,2782,2458,2500,2155,126,203,358,605,851,882,880,867,601,816,765,838,732,4,35,117,42,135,601,816,765,838,732,0,191,196,187,92
Not,444,2733143,1081151,1128,1708,3286,3486,3242,2913,3031,2959,322,517,984,1093,1233,1194,1181,1172,1079,1201,1130,1127,1068,14,32,64,54,104,1079,1201,1130,1127,1068,14,0,0,0,0
Not,445,2738061,1087764,924,1400,2693,3050,2850,2640,2324,2153,264,423,821,932,1001,1164,1055,1024,902,967,1038,966,890,30,34,126,89,134,902,967,1038,966,890,20,135,0,0,0
Not,446.01,2718707,1091133,1253,1898,3651,3414,3615,3221,2922,2729,357,574,1082,957,1229,1178,1148,1123,930,1196,1127,1096,1026,27,33,51,52,97,930,1196,1127,1096,1026,26,0,0,37,86
Not,446.02,2709269,1099041,22,33,63,0,41,34,0,0,6,10,19,0,13,11,0,0,0,11,11,0,0,0,2,0,0,0,0,11,11,0,0,0,0,0,0,0
Not,446.03,2732913,1093105,0,0,0,0,0,0,0,0,0,0,0,0,0,0,0,0,0,0,0,0,0,0,0,0,0,0,0,0,0,0,0,0,0,0,0,0
Not,447.02,2697625,1059028,644,976,1878,2025,3357,3981,4146,4340,184,295,557,595,1207,1521,1651,1716,578,1130,1438,1568,1632,17,77,83,83,84,578,1130,1438,1568,1632,72,191,191,198,184
Not,447.03,2694341,1076808,331,503,967,967,1370,1441,1622,1842,95,152,286,284,460,477,511,694,276,435,462,499,667,8,26,15,12,27,276,435,462,499,667,26,0,11,0,0
Not,447.04,2703695,1076980,184,279,535,527,714,1150,1518,1581,52,84,159,153,241,428,541,634,148,228,403,529,599,5,13,25,12,35,148,228,403,529,599,14,0,0,2,2
Not,448.03,2681849,1089783,221,335,642,701,1210,1744,2175,4958,63,101,189,204,397,572,767,1993,198,368,551,741,1857,6,28,21,26,136,198,368,551,741,1857,19,0,1,1,0
Not,448.04,2698693,1094650,260,394,759,817,1370,1480,1879,3839,74,119,225,239,451,506,643,1363,232,420,477,618,1291,7,31,29,25,72,232,420,477,618,1291,22,0,0,0,0
Not,448.05,2676629,1051422,390,591,1138,1119,1536,1718,2209,2576,112,179,337,334,536,615,831,981,324,485,560,767,921,10,51,55,64,60,324,485,560,767,921,29,0,0,0,0
Not,448.06,2685184,1063783,182,275,530,521,715,683,653,562,52,83,157,155,250,261,269,238,151,226,255,260,222,4,24,6,9,16,151,226,255,260,222,14,0,1,0,0
Not,449,2679044,1054605,1662,2518,4844,3806,4084,4085,3959,4201,474,762,1436,1192,1527,1663,1676,1824,1192,1420,1553,1586,1680,0,107,110,90,144,1192,1420,1553,1586,1680,105,152,136,46,42
Not,450,2750424,1054501,6586,6682,6765,5359,4867,4374,4089,3879,1893,2028,2197,1935,1863,1781,1657,1585,1832,1734,1604,1470,1392,103,129,177,187,193,1832,1734,1604,1470,1392,8,0,0,0,0
Not,451,2754539,1053977,1664,1794,1741,2496,2156,2147,2109,2152,494,552,566,958,1175,1305,1148,1168,907,1085,1099,997,1015,51,90,206,151,153,907,1085,1099,997,1015,43,0,0,0,0
Not,452,2757424,1052895,6380,6878,6673,4855,4169,4385,4543,3980,1894,2116,2167,1974,2156,2427,2380,2232,1868,2015,2133,2198,1897,106,141,294,182,335,1868,2015,2133,2198,1897,230,118,26,0,0
Not,9701,2862182,792914,6012,5397,4896,4761,4886,4625,5126,5248,1959,1962,1964,1997,2157,2088,2231,2286,1749,1876,1822,2004,2036,248,281,266,227,250,1749,1876,1822,2004,2036,45,77,90,86,73
Not,9702,2794306,764474,5053,4536,4115,4002,4107,3887,4309,4411,1647,1649,1651,1679,1813,1755,1875,1971,1470,1577,1531,1685,1695,209,236,224,190,276,1470,1577,1531,1685,1695,38,64,76,72,0
Not,9703,2835817,762347,5178,4649,4217,4101,4208,3983,4415,4520,1687,1690,1691,1720,1858,1798,1921,2182,1506,1616,1569,1726,1860,214,242,229,195,322,1506,1616,1569,1726,1860,39,66,77,74,215
Not,9704,2866450,716499,3288,2952,2677,2604,2672,2529,2803,2870,1071,1073,1074,1092,1180,1142,1220,1403,956,1026,996,1096,1153,136,154,145,124,250,956,1026,996,1096,1153,25,42,49,47,23
Not,9501,2964244,1270985,3627,3096,2754,2604,2701,2613,2797,2939,1184,1176,1131,1082,1202,1138,1401,1446,964,1029,1005,1099,1189,118,173,133,303,257,964,1029,1005,1099,1189,50,33,60,37,28
Not,9502,2905187,1271125,8002,6833,6076,5747,5959,5767,6172,6485,2611,2596,2496,2388,2653,2511,3092,3159,2127,2272,2217,2424,2487,261,381,294,667,672,2127,2272,2217,2424,2487,109,73,133,82,186
Not,600.01,2768721,969377,732,724,1113,1478,2376,3083,4016,4188,254,271,393,525,916,1254,1581,1714,486,856,1156,1523,1604,40,59,98,58,110,486,856,1156,1523,1604,2,0,0,0,3
Not,600.03,2787014,966292,580,574,882,1172,1884,2445,3185,3354,208,221,322,430,749,1026,1322,1365,397,700,946,1233,1298,32,49,80,88,67,397,700,946,1233,1298,2,0,0,75,0
Not,600.04,2785173,969185,1003,993,1526,2026,3257,4227,5506,5799,342,364,530,707,1232,1688,2175,2246,654,1152,1556,2030,2079,53,80,132,146,167,654,1152,1556,2030,2079,3,0,0,130,0
Not,601,2774211,971081,1514,1498,2324,3101,786,2265,1988,1506,293,313,462,622,597,628,616,608,572,213,612,601,484,50,384,16,15,124,572,213,612,601,484,544,3,0,0,0
Not,602.02,2768414,959473,1383,1368,2104,2793,2847,3411,4013,4711,388,414,602,803,950,1216,1506,1926,757,892,1144,1419,1787,46,58,72,87,139,757,892,1144,1419,1787,10,32,124,52,0
Not,603.01,2794542,965841,277,274,421,559,1864,2996,5030,9147,85,91,132,176,640,1099,1995,3706,169,584,1068,1946,3411,7,56,31,49,295,169,584,1068,1946,3411,3,20,42,167,107
Not,603.02,2808793,957402,347,343,527,700,2338,3757,6308,7642,107,114,165,221,803,1378,2300,2971,212,733,1339,2219,2816,9,70,39,81,155,212,733,1339,2219,2816,4,25,53,11,125
Not,603.05,2795096,948984,104,103,158,210,702,1128,1894,4416,32,34,49,66,239,411,638,1592,63,218,399,616,1548,3,21,12,22,44,63,218,399,616,1548,1,8,16,0,0
Not,604,2832655,956457,521,516,793,1053,1698,2246,3399,4442,173,184,268,358,572,819,1257,1790,325,544,791,1223,1691,33,28,28,34,99,325,544,791,1223,1691,0,0,0,0,0
Not,605,2872318,947177,785,776,1193,1585,2099,2083,2462,2967,275,292,425,567,734,790,916,1138,496,690,742,886,1072,71,44,48,30,66,496,690,742,886,1072,0,0,0,0,6
Not,606,2856041,956612,1682,1664,2557,3396,3301,3974,5737,7972,586,623,906,1209,1335,1612,2266,3141,1143,1262,1474,2129,2926,66,73,138,137,215,1143,1262,1474,2129,2926,8,18,76,80,88
Not,607,2872542,896817,1220,1207,1855,2464,2999,3240,3683,3745,402,428,622,830,1088,1221,1431,1550,775,1010,1153,1361,1419,55,78,68,70,131,775,1010,1153,1361,1419,14,0,0,0,0
Not,608,2813599,906026,1116,1104,1697,2255,3241,3616,5368,5946,340,361,525,702,1089,1302,1986,2353,629,1012,1224,1910,2234,72,77,78,76,119,629,1012,1224,1910,2234,49,5,0,9,115
Not,609.04,2832989,909399,909,899,1382,1835,2373,2835,2951,3169,344,366,533,711,970,1179,1248,1354,671,925,1110,1179,1242,40,45,68,69,112,671,925,1110,1179,1242,21,73,135,140,115
Not,610.01,2776052,932777,738,730,1122,1490,2561,3212,4116,4591,235,250,363,485,853,1162,1527,1785,447,810,1112,1470,1690,37,42,50,57,95,447,810,1112,1470,1690,4,0,0,0,0
Not,610.02,2804933,925749,850,841,1292,1716,2950,3700,4742,6423,270,287,419,558,982,1339,1713,2518,516,934,1282,1661,2360,43,49,57,52,158,516,934,1282,1661,2360,5,0,0,2,16
Not,611,2787252,876165,1398,1383,2126,2823,3542,3869,4433,4133,524,557,810,1081,1309,1517,1746,1816,911,1215,1385,1627,1626,170,94,132,119,190,911,1215,1385,1627,1626,0,0,0,3,0
Not,612,2865320,852291,1182,1169,1797,2387,2799,2841,3363,3983,415,442,642,857,1122,1174,1361,1629,774,994,1081,1276,1497,83,128,93,85,132,774,994,1081,1276,1497,0,0,0,0,0
Not,613,2786059,953108,1620,1602,2463,3270,3372,4062,4824,5837,507,541,785,1048,1254,1614,2010,2638,988,1176,1520,1895,2331,60,77,94,115,307,988,1176,1520,1895,2331,12,38,146,61,109
Not,614,2831631,902806,1531,1515,2328,3092,3998,4776,4971,5310,553,588,855,1141,1558,1893,2003,2163,1077,1486,1783,1893,2013,63,72,110,110,150,1077,1486,1783,1893,2013,36,123,228,236,215
Not,202.02,2763183,1096708,0,0,0,312,72,450,404,400,0,0,0,3,31,151,173,193,3,23,144,169,183,0,8,7,4,10,3,23,144,169,183,0,0,0,0,0
Not,203,2764257,1100151,107,159,296,317,586,536,680,745,35,52,88,111,193,206,286,313,99,187,203,278,303,12,6,3,8,10,99,187,203,278,303,0,8,0,0,0
Not,205,2775993,1088274,240,357,663,748,612,550,529,440,77,116,207,247,230,228,224,226,242,221,219,219,199,5,9,9,5,27,242,221,219,219,199,0,0,0,0,0
Not,206.02,2779861,1086277,0,0,0,0,0,0,0,0,0,0,0,0,0,0,0,0,0,0,0,0,0,0,0,0,0,0,0,0,0,0,0,0,0,0,0,0
Not,208.01,2799544,1113230,1100,1636,3040,4680,4978,6064,6509,6287,355,533,925,1490,2004,2520,2814,2900,1451,1908,2363,2707,2670,39,96,157,107,230,1451,1908,2363,2707,2670,6,0,76,128,94
Not,210.01,2767635,1105624,1168,1736,3226,3767,3774,3596,3574,3562,377,566,873,1267,1666,1704,1753,1825,1230,1572,1594,1657,1619,37,94,110,96,206,1230,1572,1594,1657,1619,1,7,0,0,0
Not,210.03,2777526,1105563,996,1482,2753,3511,3947,4210,4190,3846,326,489,756,1040,1506,1710,1818,1815,1018,1449,1627,1763,1702,21,57,83,55,113,1018,1449,1627,1763,1702,0,71,160,128,36
Not,210.04,2772967,1105904,798,1186,2205,2811,3160,3371,3356,3080,253,380,586,806,1169,1327,1411,1408,790,1124,1262,1368,1300,17,45,65,43,108,790,1124,1262,1368,1300,0,56,128,102,0
Not,211.01,2767675,1112558,1021,1517,2817,5488,5748,5017,5064,4552,329,496,782,1684,2151,2181,2310,2209,1630,2085,2082,2222,2003,54,66,99,88,206,1630,2085,2082,2222,2003,8,9,0,0,0
Not,211.02,2774968,1110739,960,1426,2650,5164,5407,6280,6370,6461,308,465,735,1559,2001,2758,2980,3181,1508,1939,2609,2877,2909,51,62,149,103,272,1508,1939,2609,2877,2909,8,8,33,49,6
Not,211.03,2774991,1115087,624,928,1725,3369,3520,3708,3629,3641,202,303,478,1015,1317,1412,1581,1590,982,1277,1374,1530,1535,33,40,38,51,55,982,1277,1374,1530,1535,5,6,0,0,0
Not,213.09,2802427,1125181,0,0,0,0,0,0,0,139,0,0,0,0,0,0,0,53,0,0,0,0,52,0,0,0,0,1,0,0,0,0,52,0,0,0,0,0
Not,214.01,2811340,1127543,764,1135,2110,2327,2795,3453,4381,4809,246,370,656,724,825,1019,1362,1446,693,753,933,1294,1335,31,72,86,68,111,693,753,933,1294,1335,584,976,994,881,1153
Not,214.03,2810871,1120317,773,1149,2136,2595,2748,3102,3208,3022,265,398,706,937,1154,1385,1459,1461,906,1101,1300,1386,1322,30,53,85,73,139,906,1101,1300,1386,1322,15,76,85,93,17
Not,214.04,2806836,1124468,1093,1625,3020,3669,3884,4384,4534,4272,337,506,897,1190,1466,1759,1854,1856,1152,1398,1651,1761,1729,39,68,108,93,127,1152,1398,1651,1761,1729,21,107,119,132,158
Not,216,2841271,1122123,706,1050,1952,2451,3552,3856,6629,8254,228,342,712,758,1225,1400,2451,3027,712,1135,1315,2342,2888,46,90,85,109,139,712,1135,1315,2342,2888,145,91,29,0,8
Not,217.01,2859141,1163539,1448,2153,4001,4390,4949,4959,5206,5303,436,655,1363,1502,1857,1863,1973,2125,1389,1665,1705,1823,1991,113,191,158,150,134,1389,1665,1705,1823,1991,229,217,255,293,175
Not,217.02,2862977,1156679,1760,2616,4863,5335,6014,6028,6328,6446,599,899,1872,2065,2551,2561,2710,2921,1909,2289,2343,2504,2545,156,263,218,206,376,1909,2289,2343,2504,2545,278,263,311,356,397
Not,218.03,2806565,1137700,61,90,168,233,444,581,910,1151,19,29,60,76,146,199,317,411,71,137,191,308,397,5,8,7,9,14,71,137,191,308,397,0,1,7,0,0
Not,218.04,2814779,1171086,350,520,966,1347,2561,3351,5252,6639,113,170,353,444,855,1164,1856,2410,417,806,1123,1805,2316,27,49,41,51,94,417,806,1123,1805,2316,0,8,40,0,8
Not,218.05,2832088,1151152,443,658,1224,1706,3244,4244,6651,8079,134,201,418,525,1011,1376,2235,2870,493,952,1327,2148,2768,32,58,49,88,102,493,952,1327,2148,2768,0,10,50,70,0
Not,218.06,2847584,1181645,204,304,564,786,1495,1956,3066,3724,75,113,235,295,567,773,1255,1611,277,535,745,1205,1503,18,33,28,49,108,277,535,745,1205,1503,0,4,23,32,59
Not,219,2778240,1172638,188,279,519,1010,870,1336,3246,5636,61,91,190,338,296,469,1157,2035,317,278,446,1119,1961,21,18,23,38,74,317,278,446,1119,1961,0,0,0,0,0
Not,220,2768997,1172555,535,795,1478,2066,2130,2474,3845,4745,173,259,539,698,860,1008,1623,1975,681,814,956,1492,1853,17,46,52,131,122,681,814,956,1492,1853,96,83,76,102,88
Not,221,2768894,1082803,2047,3043,5657,5183,4501,4123,4714,4208,660,992,2175,2319,2625,2612,2779,2565,2266,2522,2392,2546,2361,53,103,220,233,204,2266,2522,2392,2546,2361,23,0,16,8,0
Not,222,2801065,1077204,93,138,257,292,258,219,210,235,30,45,92,78,87,84,90,111,77,84,78,82,99,1,3,7,7,12,77,84,78,82,99,0,0,0,0,0
Not,223.01,2809802,1106816,215,320,594,1338,1588,2115,2545,3014,76,115,200,397,573,845,1049,1305,390,556,794,999,1205,7,17,51,50,100,390,556,794,999,1205,37,22,69,58,0
Not,223.02,2798081,1107532,407,606,1126,2568,3058,4085,4920,5834,125,188,325,658,953,1412,1754,2185,647,926,1327,1671,2098,11,28,85,83,87,647,926,1327,1671,2098,71,44,133,112,30
Not,9601,2859473,1295670,3261,2883,2850,3064,3914,4081,4667,5252,1065,1073,1081,1155,1504,1613,1990,2242,1055,1368,1503,1764,1963,100,136,110,226,279,1055,1368,1503,1764,1963,28,2,84,208,279
Not,9602,2848864,1250681,4428,3916,3870,4162,5315,5542,6338,6686,1446,1457,1469,1569,2043,2190,2646,2896,1433,1858,2041,2372,2585,136,185,149,274,311,1433,1858,2041,2372,2585,38,3,114,53,0
Not,9603,2815613,1250767,2944,2604,2573,2767,3534,3685,4214,4348,961,969,977,1043,1358,1456,1750,1912,953,1235,1357,1614,1701,91,123,99,136,211,953,1235,1357,1614,1701,25,2,76,84,99
Not,9604,2780628,1250819,2627,2323,2296,2469,3153,3288,3760,4457,858,865,871,931,1212,1299,1491,1826,850,1102,1211,1402,1702,81,110,89,89,124,850,1102,1211,1402,1702,22,2,68,85,67
Not,106,2806573,1044499,0,0,0,0,0,0,0,0,0,0,0,0,0,0,0,0,0,0,0,0,0,0,0,0,0,0,0,0,0,0,0,0,0,0,0,0
Not,110,2801450,1071510,4497,5091,7287,7054,5847,5532,5094,4783,1403,1589,2433,2540,2566,2592,2473,2404,2447,2368,2357,2239,2008,93,198,235,234,396,2447,2368,2357,2239,2008,4,74,78,60,49
Not,111,2805664,1076347,2092,2369,3390,4007,4170,3678,3726,3233,653,739,1017,1628,1680,1623,1712,1583,1569,1607,1509,1595,1377,59,73,114,117,206,1569,1607,1509,1595,1377,161,56,5,0,0
Not,112,2811572,1073922,1124,1693,3970,5032,3891,3464,3275,3153,343,548,1164,1232,1357,1327,1285,1351,1187,1329,1276,1257,1194,45,28,51,28,157,1187,1329,1276,1257,1194,48,36,37,33,8
Not,113,2816668,1073805,1036,1561,3661,3786,5208,5175,4970,4819,316,505,1080,1643,1947,2014,2011,2096,1583,1873,1931,1945,1891,60,74,83,66,205,1583,1873,1931,1945,1891,27,0,35,27,19
Not,114.01,2828594,1066064,981,1478,3465,5503,7201,6660,7379,8418,299,478,1016,1619,2662,2603,3125,3839,1582,2551,2485,2990,3554,37,111,118,135,285,1582,2551,2485,2990,3554,23,0,0,120,106
Not,114.05,2823033,1073029,175,264,619,3066,3357,3344,3189,3348,54,85,181,904,1113,1179,1304,1412,854,1069,1130,1252,1297,50,43,49,52,115,854,1069,1130,1252,1297,0,1,3,0,0
Not,114.06,2828240,1074332,296,446,1046,5183,5676,5653,5392,5655,90,145,307,1529,1881,1993,1892,2095,1444,1808,1910,1829,1977,85,74,83,63,118,1444,1808,1910,1829,1977,0,3,5,0,0
Not,115,2816528,1064755,1951,2939,6892,7626,6614,6351,5990,5859,595,951,2156,2713,2659,2701,2565,2660,2607,2523,2479,2419,2296,106,136,222,146,364,2607,2523,2479,2419,2296,42,64,129,50,164
Not,116,2810700,1064673,2197,3310,7762,6551,5824,5795,5527,4938,670,1071,3224,2870,3052,3088,2938,2739,2775,2870,2724,2641,2335,95,182,364,297,404,2775,2870,2724,2641,2335,243,161,271,282,266
Not,117,2807487,1063394,1808,2723,6386,5671,4926,4912,4439,4177,551,881,2416,2449,2489,2426,2237,2156,2303,2285,2139,1972,1771,146,204,287,265,385,2303,2285,2139,1972,1771,71,22,96,33,12
Not,118,2800567,1063707,2073,3124,7325,6767,5638,5355,5257,5127,633,1010,2580,2651,2667,2632,2570,2556,2572,2548,2416,2364,2206,79,119,216,206,350,2572,2548,2416,2364,2206,0,0,10,56,27
Not,119,2800518,1058482,1489,2244,5262,5322,4141,3703,3377,3423,454,726,1565,1740,1725,1724,1661,1661,1722,1677,1635,1575,1509,18,48,89,86,152,1722,1677,1635,1575,1509,0,2,0,0,0
Not,120,2799822,1052751,1153,1737,4074,4659,3776,3446,3246,3279,352,562,1246,1576,1617,1664,1676,1662,1548,1568,1588,1537,1523,28,49,76,139,139,1548,1568,1588,1537,1523,44,46,41,28,28
Not,121,2805756,1054800,1934,2914,6834,7131,6387,5999,5389,5480,590,943,2050,2346,2601,2663,2512,2569,2303,2535,2547,2382,2335,43,66,116,130,234,2303,2535,2547,2382,2335,0,6,11,16,0
Not,122,2810344,1054565,1966,2962,6945,7437,6380,6337,6260,6205,600,958,2102,2432,2564,2739,2758,2781,2380,2503,2633,2639,2536,52,61,106,119,245,2380,2503,2633,2639,2536,0,0,0,0,0
Not,123,2816762,1056064,1135,1710,4009,4204,3533,3487,3340,3378,346,553,1204,1344,1367,1393,1458,1593,1313,1315,1324,1394,1453,31,52,69,64,140,1313,1315,1324,1394,1453,67,40,135,91,123
Not,124,2808776,1045062,791,1192,2794,5470,4401,4091,4006,3927,241,385,919,1686,1751,1876,1920,1926,1686,1709,1821,1843,1748,0,42,55,77,178,1686,1709,1821,1843,1748,0,0,0,0,0
Not,125.01,2798529,1038651,1029,1551,3637,4192,3724,3875,3813,3491,314,502,1045,1276,1541,1759,1770,1488,1258,1504,1693,1696,1359,18,37,66,74,129,1258,1504,1693,1696,1359,0,0,10,13,133
Not,125.02,2802991,1038486,714,1076,2523,3126,2903,2702,3022,2913,218,348,725,1010,1127,1167,1322,1307,997,1099,1140,1283,1188,13,28,27,39,119,997,1099,1140,1283,1188,0,0,0,130,134
Not,126,2796524,1032218,1472,2218,5202,6347,5197,4869,4827,4587,449,717,1572,2256,2369,2342,2286,2384,2215,2312,2217,2194,2045,41,57,125,92,339,2215,2312,2217,2194,2045,2,60,128,130,84
Not,127.01,2802226,1027876,991,1493,3502,6648,7453,6998,6831,6812,303,483,1064,2041,2680,2800,2812,2919,2002,2629,2683,2729,2741,39,51,117,83,178,2002,2629,2683,2729,2741,0,116,165,265,202
Not,128.02,2801999,1022552,484,729,1710,2618,3339,3396,3310,3379,148,236,485,768,1255,1401,1415,1512,745,1213,1354,1379,1399,23,42,47,36,113,745,1213,1354,1379,1399,0,0,12,13,6
Not,128.03,2795865,1028237,516,778,1824,2566,2210,2134,2125,2086,179,286,590,890,943,1034,1045,1039,880,929,997,1008,929,10,14,37,37,110,880,929,997,1008,929,3,0,0,0,0
Not,128.04,2793874,1021785,1519,2287,5364,7549,6503,6279,6252,6098,442,705,1451,2191,2321,2544,2571,2544,2167,2287,2454,2481,2367,24,34,90,90,177,2167,2287,2454,2481,2367,8,0,0,1,0
Not,129.03,2790513,1019270,24,36,86,0,134,75,58,43,7,12,25,0,55,52,26,25,0,54,48,25,23,0,1,4,1,2,0,54,48,25,23,0,0,0,0,0
Not,129.04,2795312,1019047,20,31,72,0,113,110,114,113,6,10,22,0,47,52,46,55,0,46,46,45,50,0,1,6,1,5,0,46,46,45,50,0,0,0,0,0
Not,133.01,2778891,991935,1221,1840,4314,5015,4404,4171,4284,4031,373,595,1371,1683,1797,1863,2009,2052,1635,1724,1760,1906,1842,48,73,103,103,210,1635,1724,1760,1906,1842,45,45,68,80,0
Not,133.07,2786853,996302,35,53,124,1063,2783,2721,2870,2704,11,18,42,324,1094,1196,1193,1207,315,1013,1038,1147,1094,9,80,158,46,113,315,1013,1038,1147,1094,0,0,39,61,0
Not,133.09,2786674,992970,63,94,221,1898,4968,4858,5124,4827,19,30,68,532,1794,1962,1958,1980,516,1663,1704,1882,1801,16,132,258,76,179,516,1663,1704,1882,1801,0,0,71,109,102
Not,133.13,2786410,987589,387,583,1368,4431,5168,5130,4940,4830,118,189,435,1308,1680,1883,1951,2017,1271,1617,1776,1813,1772,37,63,107,138,245,1271,1617,1776,1813,1772,35,42,48,7,19
Not,134.01,2775864,990782,231,348,815,1389,3033,3279,2915,2542,70,112,250,465,1450,1540,1350,1363,436,1268,1378,1203,928,29,182,162,147,435,436,1268,1378,1203,928,0,0,10,21,18
Not,134.1,2785761,976985,342,515,1207,2271,2572,3025,2946,3438,112,178,396,753,1052,1259,1254,1629,697,966,1088,1168,1431,56,86,171,86,198,697,966,1088,1168,1431,0,0,103,0,9
Not,134.16,2786070,982353,209,315,739,1389,1574,1850,1802,2103,56,90,200,380,531,635,633,822,352,488,549,590,772,28,43,86,43,50,352,488,549,590,772,0,0,63,0,0
Not,135.02,2838681,978487,133,201,456,763,1641,2191,4274,5584,41,65,153,237,551,773,1528,1970,229,521,738,1471,1898,8,30,35,57,72,229,521,738,1471,1898,0,11,5,0,9
Not,135.04,2814306,984737,40,61,137,230,494,660,1287,2886,13,21,49,76,178,249,478,1141,74,168,238,467,1088,3,10,11,11,53,74,168,238,467,1088,0,3,1,0,0
Not,136.06,2809594,1008034,55,83,190,334,702,833,1457,1429,12,19,45,77,298,327,517,548,76,276,288,485,535,2,22,40,32,13,76,276,288,485,535,6,39,67,98,0
Not,136.08,2810829,1002487,215,324,736,1297,2728,3235,5657,5550,71,113,266,455,1754,1928,3043,3227,446,1628,1693,2857,2676,9,127,235,186,551,446,1628,1693,2857,2676,24,150,260,381,276
Not,136.12,2807088,995843,72,108,246,434,913,1082,1893,6101,23,36,85,145,560,615,613,2062,142,519,540,579,2002,3,40,75,34,60,142,519,540,579,2002,8,50,87,0,0
Not,137.03,2824553,1000357,1228,1851,4206,5214,5266,5836,5381,5527,375,599,1410,1815,2343,2679,2515,2611,1760,2222,2461,2417,2440,55,121,218,98,171,1760,2222,2461,2417,2440,0,0,8,9,18
Not,137.04,2818849,993779,172,259,589,2140,3985,4133,5726,6003,53,84,198,620,1337,1499,2194,2558,601,1296,1442,2139,2361,19,41,57,55,197,601,1296,1442,2139,2361,0,0,136,147,139
Not,138.01,2831589,1004732,30,45,102,336,1729,4555,5849,5541,9,14,34,107,630,1599,2116,2182,102,559,1545,2065,2064,5,70,55,51,118,102,559,1545,2065,2064,0,0,0,0,0
Not,138.02,2829088,992216,37,55,126,417,2141,5640,7241,8421,11,18,42,133,779,1980,2591,3209,126,693,1912,2544,3105,7,87,67,47,104,126,693,1912,2544,3105,0,0,0,0,0
Not,139.01,2866189,991243,396,596,1355,1234,1773,3304,5975,6337,121,193,455,444,707,1271,2425,2985,404,635,1164,2230,2455,40,73,107,195,530,404,635,1164,2230,2455,0,0,0,0,0
Not,139.02,2880679,987647,49,73,166,152,218,406,734,1282,15,24,56,55,87,156,290,501,50,78,143,278,469,5,9,13,12,32,50,78,143,278,469,0,0,0,0,7
Not,139.04,2840286,997416,427,644,1462,1332,1914,3567,6450,6843,130,208,491,480,764,1372,2101,2332,436,685,1257,2057,2276,43,78,115,44,56,436,685,1257,2057,2276,0,0,0,0,0
Not,139.16,2837950,1006415,282,425,965,879,1262,2353,4254,5331,86,137,322,315,501,901,1453,1892,287,450,825,1425,1793,28,51,76,27,99,287,450,825,1425,1793,0,0,0,8,8
Not,140.02,2884203,1022576,124,187,426,588,971,1190,1746,1683,38,61,143,189,332,438,669,711,182,314,410,635,651,7,19,28,34,60,182,314,410,635,651,0,12,11,0,0
Not,140.04,2896939,1038835,154,233,528,721,1211,1492,2085,2871,51,81,190,248,445,588,821,1184,239,420,551,794,1092,9,25,38,28,92,239,420,551,794,1092,0,14,14,33,11
Not,140.05,2892149,1026663,281,424,963,1313,2206,2718,3800,5278,82,132,310,404,725,959,1339,1943,390,685,898,1293,1827,15,41,61,45,116,390,685,898,1293,1827,0,26,25,60,86
Not,140.06,2870328,1030302,196,295,671,926,1531,1876,2801,6096,57,91,215,284,500,658,1040,2233,273,472,616,990,2153,10,28,43,50,80,273,472,616,990,2153,0,19,18,0,13
Not,140.07,2871436,1039905,181,273,620,856,1415,1734,2589,5636,58,93,219,289,509,670,1059,2274,278,480,627,1009,2068,10,28,44,50,206,278,480,627,1009,2068,0,17,16,0,18
Not,141.01,2858734,1039205,385,580,1318,4748,5061,5982,6723,6783,117,188,442,1617,1940,2603,3017,3166,1536,1855,2415,2922,2887,81,84,188,95,279,1536,1855,2415,2922,2887,0,0,166,153,101
Not,141.05,2859922,1031836,128,194,436,721,5467,6957,7106,7828,40,63,146,273,1729,2202,2465,2850,261,1644,2140,2409,2708,12,85,62,56,142,261,1644,2140,2409,2708,0,2,1,0,0
Not,141.08,2847451,1039533,490,737,1676,1759,4282,5617,6150,6581,150,238,562,590,1503,2107,2472,2717,560,1407,1965,2367,2538,30,95,141,105,179,560,1407,1965,2367,2538,0,11,13,23,11
Not,141.11,2863469,1024204,20,32,69,117,969,1628,2051,2877,6,10,22,39,300,512,683,1071,37,285,487,674,1032,2,15,25,9,39,37,285,487,674,1032,0,0,0,0,9
Not,141.12,2863237,1016198,6,9,19,32,266,447,563,790,2,3,7,12,90,154,205,322,11,86,147,202,302,1,4,7,3,20,11,86,147,202,302,0,0,0,0,7
Not,141.14,2848143,1030181,79,120,270,456,3771,5638,6802,7219,24,38,91,177,1194,1891,2370,2790,169,1135,1826,2335,2638,8,59,66,35,152,169,1135,1826,2335,2638,0,0,3,0,0
Not,141.2,2847509,1019343,30,46,103,175,1448,2164,2611,2771,9,14,34,66,448,710,890,1048,63,426,686,877,1010,3,22,25,13,38,63,426,686,877,1010,0,0,1,0,7
Not,142.03,2824923,1035692,4,6,13,60,708,1358,1857,4080,1,2,4,22,242,504,760,1560,20,225,483,702,1507,2,17,21,58,53,20,225,483,702,1507,0,10,0,0,0
Not,142.04,2824864,1022689,13,20,46,216,2561,4914,6718,7961,4,6,15,78,877,1823,2562,3331,73,816,1749,2502,3090,5,61,74,60,241,73,816,1749,2502,3090,0,36,0,117,192
Not,143,2818226,1015227,85,128,291,121,115,32,71,36,26,41,97,72,66,16,22,16,66,61,16,21,12,6,5,0,1,4,66,61,16,21,12,0,12,0,31,13
Not,144,2814133,1012628,0,0,0,10,7,0,19,2,0,0,0,4,3,0,9,1,4,3,0,9,1,0,0,0,0,0,4,3,0,9,1,0,0,0,0,0
Not,145.01,2820397,1046083,54,82,186,1508,2353,3323,3793,3939,17,27,62,440,912,1449,1854,1980,434,886,1382,1789,1847,6,26,67,65,133,434,886,1382,1789,1847,0,0,0,8,0
Not,145.02,2828428,1042504,63,94,214,1734,2705,3819,4359,4524,19,30,72,505,1048,1666,1844,2173,499,1019,1589,1773,2061,6,29,77,71,112,499,1019,1589,1773,2061,0,0,0,116,103
Not,146.01,2816781,1051674,252,380,863,7521,6486,5729,5184,5108,77,123,289,2086,2277,2324,2246,2234,2050,2177,2282,2207,2140,36,100,42,39,94,2050,2177,2282,2207,2140,0,0,0,0,0
Not,146.03,2822176,1051535,70,105,238,1979,3034,3521,3562,3656,21,34,80,545,1035,1559,1397,1483,535,1003,1463,1366,1447,9,32,96,31,36,535,1003,1463,1366,1447,0,0,0,0,0
Not,146.04,2823685,1053541,95,143,326,2716,4163,4830,4887,4737,29,46,109,747,1419,2140,2540,2601,735,1376,2008,2391,2350,13,43,132,149,251,735,1376,2008,2391,2350,0,0,0,2,0
Not,147.01,2830479,1050625,99,149,339,606,1157,1594,2028,3709,30,48,114,167,363,582,866,1798,166,357,565,803,1653,1,7,16,63,145,166,357,565,803,1653,0,29,37,0,198
Not,147.02,2834310,1061276,244,368,835,1490,2848,3922,4991,5042,75,119,280,411,895,1431,1816,2018,409,878,1392,1784,1948,2,16,40,32,70,409,878,1392,1784,1948,0,70,92,148,83
Not,148.04,2842516,1057010,118,178,404,227,560,714,1798,2665,36,58,135,94,184,270,612,993,92,166,243,582,954,2,18,27,30,39,92,166,243,582,954,0,0,0,0,0
Not,148.06,2852346,1047096,36,54,122,552,735,3214,3934,4293,11,17,41,157,258,1064,1405,1702,153,227,1012,1375,1621,4,31,52,30,81,153,227,1012,1375,1621,0,0,0,2,11
Not,149.02,2873031,1078142,102,154,350,330,891,1236,1643,2039,31,50,117,100,308,440,649,822,97,289,419,619,755,3,19,21,30,67,97,289,419,619,755,1,0,9,0,0
Not,149.03,2876052,1059929,167,265,635,598,1661,2315,3112,4626,32,67,195,163,557,806,1139,1718,158,521,766,1104,1618,0,9,13,35,100,158,521,766,1104,1618,0,0,0,0,0
Not,149.04,2855273,1049143,403,606,1378,1300,3513,4872,6475,6253,123,196,462,394,1215,1732,2402,2402,384,1140,1650,2326,2293,10,74,82,76,109,384,1140,1650,2326,2293,3,0,35,0,5
Not,149.05,2863572,1045711,228,330,717,662,1796,2494,3677,4844,88,125,258,218,639,903,1162,1679,213,601,861,1146,1633,9,64,68,16,46,213,601,861,1146,1633,3,-1,34,86,81
Not,150,2868102,1098042,535,806,1831,3141,3293,3548,3676,3741,163,261,614,1024,1128,1239,1356,1495,988,1065,1178,1308,1371,36,63,61,48,124,988,1065,1178,1308,1371,15,8,0,0,51
Not,151,2825022,1090818,198,298,677,4578,4864,5268,5179,5669,60,96,227,800,1447,1686,1802,2084,771,1412,1644,1769,1966,29,35,42,33,118,771,1412,1644,1769,1966,16,11,29,41,56
Not,155,2797129,1073087,0,0,0,0,0,0,0,0,0,0,0,0,0,0,0,0,0,0,0,0,0,0,0,0,0,0,0,0,0,0,0,0,0,0,0,0
Not,156,2796063,1066896,3734,4228,4252,3752,3478,2962,2654,2413,1127,1275,1399,1418,1703,1545,1437,1305,1326,1519,1330,1207,1009,92,184,215,230,296,1326,1519,1330,1207,1009,2,0,0,0,1
Not,176,2804712,1038672,43,65,153,190,176,163,17,2,13,21,44,61,68,65,7,2,60,66,65,6,2,1,2,0,1,0,60,66,65,6,2,0,0,0,0,0
Not,177,2849292,1071801,142,214,499,563,2759,3497,4217,5101,43,69,151,167,830,1087,1449,1834,158,806,1048,1380,1757,9,25,39,69,77,158,806,1048,1380,1757,0,45,51,70,39
Not,179,2821615,1008213,60,90,205,707,1120,2242,3867,4705,18,29,68,249,421,980,1589,2213,242,393,924,1536,2068,7,28,56,52,145,242,393,924,1536,2068,0,2,4,6,53
Not,180,2820366,1000529,755,1137,2584,3899,3440,3915,3714,3644,230,368,867,1230,1399,1704,1656,1667,1193,1356,1637,1598,1541,37,43,67,58,126,1193,1356,1637,1598,1541,0,8,12,0,20
Not,181,2809590,976284,90,135,308,514,1106,1477,2881,6462,26,42,100,155,360,505,967,2309,149,340,482,946,2205,5,20,23,21,104,149,340,482,946,2205,0,7,3,0,7
Not,182,2804916,987912,37,56,127,224,472,559,978,3153,11,17,40,69,265,291,290,976,67,246,256,274,958,1,19,35,16,18,67,246,256,274,958,4,26,45,0,0
Not,185,2832698,1026551,10,15,34,222,211,340,2286,3302,3,5,12,62,88,127,817,1240,56,73,120,791,1177,6,16,6,26,63,56,73,120,791,1177,0,0,0,8,0
Not,186,2831782,1009406,161,242,551,502,721,1343,2428,3043,49,79,186,182,290,521,840,1094,166,260,477,824,1036,16,30,44,16,58,166,260,477,824,1036,0,0,0,4,0
Not,193,2839163,1039790,447,673,1530,1618,3917,5141,5747,6394,137,218,513,542,1375,1929,2106,2558,515,1288,1799,2032,2420,28,88,129,74,138,515,1288,1799,2032,2420,0,10,12,1,0
Not,9883,2798220,991765,1,1,2,4,8,10,17,56,0,0,1,2,7,8,8,27,2,7,7,8,24,0,1,1,0,3,2,7,7,8,24,0,0,1,0,1
Not,9891,2839883,1022294,0,1,2,2,5,7,11,13,0,0,0,1,2,3,4,5,0,2,3,4,5,0,0,0,0,0,0,2,3,4,5,0,0,0,0,0
Not,9892,2847499,1050242,0,0,0,0,0,0,0,0,0,0,0,0,0,0,0,0,0,0,0,0,0,0,0,0,0,0,0,0,0,0,0,0,0,0,0,0
Not,901,2932839,1070727,4763,4321,4322,4553,5118,5319,5594,5286,1398,1410,1505,1576,1976,2142,2298,2426,1458,1782,1907,2095,2026,118,194,235,203,400,1458,1782,1907,2095,2026,206,185,177,176,207
Not,902,2991151,1085250,5504,4993,4994,5261,5914,6146,5914,5829,1673,1687,1801,1886,2364,2563,2603,2606,1775,2181,2342,2360,2295,111,183,221,243,311,1775,2181,2342,2360,2295,420,377,361,180,166
Not,903,3046771,1105272,1456,1321,1321,1392,1565,1626,1529,1517,477,480,513,537,673,730,668,662,483,585,623,572,576,54,88,107,96,86,483,585,623,572,576,48,43,41,74,79
Not,904,3018889,1050064,6065,5503,5503,5797,6517,6773,6746,6794,1892,1907,2037,2132,2673,2898,2844,3138,2031,2506,2696,2604,2795,101,167,202,240,343,2031,2506,2696,2604,2795,135,121,116,292,135
Not,905,3018375,1016712,3219,2921,2921,3077,3459,3595,3743,3849,970,978,1044,1093,1371,1486,1561,1706,1037,1277,1373,1437,1533,56,94,113,124,173,1037,1277,1373,1437,1533,213,191,183,151,75
Not,906.01,2944985,1025538,4205,3814,3814,4019,4517,4695,5792,6233,1228,1237,1321,1383,1734,1879,2338,2626,1317,1625,1748,2193,2401,66,109,132,145,225,1317,1625,1748,2193,2401,43,39,37,39,62
Not,906.02,2912758,1018432,2613,2370,2370,2497,2807,2917,3599,3873,726,732,782,818,1026,1112,1384,1554,779,962,1034,1298,1396,39,64,78,86,158,779,962,1034,1298,1396,27,24,23,24,0
Not,300.02,2756556,1094743,970,1048,1634,1198,3270,3009,2921,2828,306,357,502,428,1501,1404,1381,1461,407,1348,1260,1211,1259,21,153,144,170,202,407,1348,1260,1211,1259,0,171,188,190,123
Not,301.01,2748890,1098017,543,587,915,2434,2328,2026,2912,2766,171,200,305,816,816,760,1095,1112,762,778,734,1062,1050,54,38,26,33,62,762,778,734,1062,1050,186,0,13,27,0
Not,301.03,2740719,1103707,620,670,1045,1621,1293,1320,2353,3145,196,228,348,346,393,434,780,1007,343,373,419,763,968,3,20,15,17,39,343,373,419,763,968,420,200,209,212,387
Not,302.07,2748122,1115615,695,751,1171,1510,1357,1339,1269,1132,219,256,365,475,524,572,638,556,465,516,553,587,516,10,8,19,51,40,465,516,553,587,516,0,0,0,0,0
Not,302.08,2732996,1116120,540,584,910,1346,2071,2396,2511,2432,170,199,283,387,676,851,955,992,357,653,828,932,947,30,23,23,23,45,357,653,828,932,947,0,5,12,7,8
Not,302.09,2737487,1111122,59,63,99,146,225,260,273,300,19,22,31,42,73,93,121,129,39,71,90,114,118,3,2,3,7,11,39,71,90,114,118,0,0,1,0,0
Not,303.05,2730105,1109909,978,1055,1646,2570,5892,6973,7774,8213,310,359,545,847,2090,2645,3127,3633,763,1930,2454,2999,3299,84,161,191,128,334,763,1930,2454,2999,3299,4,6,8,13,9
Not,303.06,2718712,1107204,257,277,433,676,1549,1834,2044,3476,82,95,143,223,550,695,665,1141,201,507,645,660,1108,22,42,50,5,33,201,507,645,660,1108,1,1,2,0,0
Not,303.07,2715290,1142950,0,0,0,0,0,0,0,0,0,0,0,0,0,0,0,0,0,0,0,0,0,0,0,0,0,0,0,0,0,0,0,0,0,0,0,0
Not,303.08,2716573,1126335,1,1,2,13,10,36,19,14,0,0,1,7,3,10,6,5,6,3,10,6,4,1,0,0,0,1,6,3,10,6,4,0,0,0,0,0
Not,304.01,2695004,1142940,759,818,1276,1423,1885,1720,2618,5228,239,279,425,456,671,645,963,1905,437,629,612,929,1812,19,42,33,34,93,437,629,612,929,1812,0,0,0,5,9
Not,305,2709665,1163351,930,1005,1567,1805,2582,3410,4172,5953,293,343,522,679,1012,1438,1679,2717,620,941,1313,1587,2460,59,71,125,92,257,620,941,1313,1587,2460,23,18,148,185,159
Not,306,2733548,1185239,2166,2339,3648,3777,4859,5422,6944,6777,683,798,1215,1274,1954,2168,2753,2912,1192,1739,1979,2634,2683,82,215,189,119,229,1192,1739,1979,2634,2683,17,3,0,0,0
Not,307,2663297,1196584,2007,2168,3381,3134,3426,3513,3345,3382,633,739,1126,1152,1423,1488,1406,1545,1043,1279,1332,1314,1383,109,144,156,92,162,1043,1279,1332,1314,1383,44,26,0,17,0
Not,800,2903413,1178703,5288,4533,4576,5009,6084,6552,7209,7396,1472,1468,1515,1616,2052,2310,2711,2931,1495,1917,2208,2573,2706,121,135,102,138,225,1495,1917,2208,2573,2706,40,55,59,45,30
Not,801,2958588,1153897,3216,2757,2781,3045,3699,3355,3475,3450,1080,1075,1110,1184,1504,1433,1400,1467,1058,1362,1255,1247,1269,126,142,178,153,198,1058,1362,1255,1247,1269,0,0,0,123,81
Not,802,2937622,1133338,5277,4524,4564,4997,6070,6243,6649,6433,1882,1875,1936,2065,2622,2702,2883,3038,1873,2407,2507,2705,2667,192,215,195,178,371,1873,2407,2507,2705,2667,118,160,165,156,193
Not,803,2905415,1126000,4803,4118,4154,4548,5525,5821,6021,6215,1448,1442,1489,1588,2017,2166,2377,2548,1418,1826,2050,2218,2315,170,191,116,159,233,1418,1826,2050,2218,2315,0,0,0,0,7
